CAR DEALER,CONSTRUCTION RELATED,DAY CARE CENTER,DENTISTS' OFFICE,FITNESS CENTER,GAS STATION,GROCERY STORE,HOTEL,INSURANCE AGENT,JANITORIAL SERVICE,LUXURY TRANSPORTATION SERVICE,OTHER,PLUMBER,RESTAURANT,STAFFING COMPANY,TOWING COMPANY,TRUCKING COMPANY,deposit 1,deposit 2,deposit 3,avg deposit amount,avg deposit count,num of days with neg balance,credit score,satisfactory credit account,delinquent credit account,credit inquiries,past default,time since last default,number of lenders,lender 1,lender 2,lender 3,lender 4,lender 5,lender 6,lender 7,monthly lender withdrawal,leftover cashflow,approval,offer,rate,term (days)
0,0,1,0,0,0,0,0,0,0,0,0,0,0,0,0,0,1467.64,1268.44,1414.2,1383.43,10,2,330,9,10,38,1,1,1,25.71,0.0,0.0,0.0,0.0,0.0,0.0,558.94,824.49,0,0.0,0.0,0
0,0,1,0,0,0,0,0,0,0,0,0,0,0,0,0,0,33081.33,27341.19,35972.26,32131.6,12,0,458,15,2,44,1,1,3,494.97,301.72,175.64,0.0,0.0,0.0,0.0,21138.45,10993.14,1,7000.0,1.45,70
0,0,0,0,0,0,0,1,0,0,0,0,0,0,0,0,0,8405.51,7453.3,7092.45,7650.42,20,0,797,34,12,27,0,-1,0,0.0,0.0,0.0,0.0,0.0,0.0,0.0,0.0,7650.42,1,4500.0,1.45,80
0,0,0,0,0,0,0,0,0,0,0,0,0,0,0,0,0,33763.53,36459.19,34848.6,35023.77,10,0,537,20,4,20,0,-1,3,432.63,386.17,170.05,0.0,0.0,0.0,0.0,21497.6,13526.17,1,10500.0,1.45,70
0,0,0,0,0,0,1,0,0,0,0,0,0,0,0,0,0,36991.21,35081.33,37708.62,36593.72,17,0,378,3,17,29,1,2,4,641.76,252.46,324.73,206.59,0.0,0.0,0.0,30991.24,5602.48,1,5000.0,1.45,60
0,0,0,0,0,0,1,0,0,0,0,0,0,0,0,0,0,7487.51,6509.45,8184.15,7393.7,18,0,427,33,13,29,0,-1,4,120.4,41.21,47.73,37.21,0.0,0.0,0.0,5360.0,2033.71,1,2000.0,1.45,50
0,0,0,0,0,0,1,0,0,0,0,0,0,0,0,0,0,31072.16,33886.97,26587.65,30515.59,17,0,565,4,26,58,1,0,0,0.0,0.0,0.0,0.0,0.0,0.0,0.0,0.0,30515.59,0,0.0,0.0,0
0,0,0,0,1,0,0,0,0,0,0,0,0,0,0,0,0,38281.11,35254.9,26308.92,33281.64,9,0,657,24,34,34,1,0,1,412.61,0.0,0.0,0.0,0.0,0.0,0.0,8970.14,24311.5,1,4000.0,1.45,60
0,0,0,0,0,0,0,0,0,0,0,0,0,0,0,0,1,13789.32,13545.68,8465.63,11933.55,5,2,666,0,21,30,0,-1,1,162.88,0.0,0.0,0.0,0.0,0.0,0.0,3541.01,8392.53,1,3000.0,1.45,50
1,0,0,0,0,0,0,0,0,0,0,0,0,0,0,0,0,34775.11,37005.86,40431.8,37404.26,6,6,680,18,6,26,0,-1,2,532.43,376.4,0.0,0.0,0.0,0.0,0.0,19757.96,17646.29,1,8000.0,1.45,70
0,1,0,0,0,0,0,0,0,0,0,0,0,0,0,0,0,28224.08,27534.36,30562.41,28773.62,7,2,488,15,26,25,1,0,0,0.0,0.0,0.0,0.0,0.0,0.0,0.0,0.0,28773.62,0,0.0,0.0,0
0,0,0,0,0,0,0,0,0,0,0,1,0,0,0,0,0,13729.98,10619.26,11538.78,11962.67,9,10,607,3,11,32,0,-1,4,185.75,119.53,90.66,67.65,0.0,0.0,0.0,10078.45,1884.23,0,0.0,0.0,0
0,0,0,0,0,0,0,0,0,0,0,0,0,1,0,0,0,34485.8,36610.61,30231.58,33776.0,16,3,713,17,4,26,1,2,0,0.0,0.0,0.0,0.0,0.0,0.0,0.0,0.0,33776.0,0,0.0,0.0,0
0,0,0,0,0,0,0,0,0,0,0,0,0,1,0,0,0,3899.37,3922.69,4086.64,3969.57,19,0,534,5,10,15,0,-1,0,0.0,0.0,0.0,0.0,0.0,0.0,0.0,0.0,3969.57,1,2000.0,1.45,60
0,0,0,0,0,0,0,0,0,0,0,1,0,0,0,0,0,20357.36,16127.52,21059.18,19181.35,13,0,609,32,2,9,0,-1,0,0.0,0.0,0.0,0.0,0.0,0.0,0.0,0.0,19181.35,1,11000.0,1.45,100
0,0,0,0,0,1,0,0,0,0,0,0,0,0,0,0,0,18594.48,15432.0,14792.22,16272.9,18,0,611,21,32,23,1,0,0,0.0,0.0,0.0,0.0,0.0,0.0,0.0,0.0,16272.9,0,0.0,0.0,0
0,0,0,0,0,0,0,0,0,0,0,0,0,0,0,1,0,33467.53,29262.46,29391.0,30707.0,9,9,539,25,21,29,1,0,0,0.0,0.0,0.0,0.0,0.0,0.0,0.0,0.0,30707.0,0,0.0,0.0,0
0,0,0,0,0,0,0,0,0,0,1,0,0,0,0,0,0,9596.48,11001.02,8860.68,9819.39,6,0,514,20,4,29,0,-1,5,149.69,91.55,80.12,55.4,62.0,0.0,0.0,9538.64,280.75,0,0.0,0.0,0
0,0,0,0,0,0,0,0,0,0,1,0,0,0,0,0,0,15033.09,15575.85,14397.47,15002.14,7,0,459,33,31,51,1,0,0,0.0,0.0,0.0,0.0,0.0,0.0,0.0,0.0,15002.14,0,0.0,0.0,0
0,0,0,0,0,0,0,0,0,0,0,0,0,0,1,0,0,916.09,1526.84,1226.54,1223.16,18,0,655,32,17,16,0,-1,0,0.0,0.0,0.0,0.0,0.0,0.0,0.0,0.0,1223.16,0,0.0,0.0,0
0,0,0,0,0,0,0,0,0,0,0,0,0,0,1,0,0,39923.84,37445.91,35472.17,37613.98,14,15,586,34,3,17,1,0,0,0.0,0.0,0.0,0.0,0.0,0.0,0.0,0.0,37613.98,0,0.0,0.0,0
0,0,0,0,0,0,0,0,0,0,0,0,0,1,0,0,0,5805.47,4972.19,6289.89,5689.18,17,1,507,9,7,25,0,-1,1,84.32,0.0,0.0,0.0,0.0,0.0,0.0,1833.12,3856.07,1,2000.0,1.45,60
0,0,1,0,0,0,0,0,0,0,0,0,0,0,0,0,0,6264.2,6519.73,4882.51,5888.82,11,0,551,8,27,34,1,0,0,0.0,0.0,0.0,0.0,0.0,0.0,0.0,0.0,5888.82,0,0.0,0.0,0
1,0,0,0,0,0,0,0,0,0,0,0,0,0,0,0,0,28472.08,33017.27,28487.12,29992.16,5,8,452,15,29,15,0,-1,2,510.54,210.17,0.0,0.0,0.0,0.0,0.0,15668.24,14323.92,1,6000.0,1.45,65
0,0,0,0,0,0,0,0,0,0,0,0,0,0,0,0,0,3110.2,3111.43,3714.49,3312.04,6,4,616,33,31,29,1,2,0,0.0,0.0,0.0,0.0,0.0,0.0,0.0,0.0,3312.04,0,0.0,0.0,0
0,0,0,0,1,0,0,0,0,0,0,0,0,0,0,0,0,28764.08,28054.2,26469.16,27762.48,11,0,478,14,21,18,1,0,0,0.0,0.0,0.0,0.0,0.0,0.0,0.0,0.0,27762.48,0,0.0,0.0,0
0,0,0,0,0,0,1,0,0,0,0,0,0,0,0,0,0,14756.46,11666.86,17178.28,14533.87,17,0,543,3,29,39,0,-1,3,171.73,144.01,123.06,0.0,0.0,0.0,0.0,9539.51,4994.35,1,3500.0,1.45,60
0,0,0,1,0,0,0,0,0,0,0,0,0,0,0,0,0,17533.55,18532.71,16268.77,17445.01,13,15,470,1,22,33,0,-1,4,260.47,147.28,106.07,81.05,0.0,0.0,0.0,12932.47,4512.54,0,0.0,0.0,0
0,0,1,0,0,0,0,0,0,0,0,0,0,0,0,0,0,13054.79,13481.87,13236.64,13257.76,11,3,537,34,24,25,1,0,0,0.0,0.0,0.0,0.0,0.0,0.0,0.0,0.0,13257.76,0,0.0,0.0,0
0,0,0,0,0,0,0,0,0,0,0,0,1,0,0,0,0,12737.28,11984.86,12310.68,12344.28,9,4,673,33,7,15,1,1,0,0.0,0.0,0.0,0.0,0.0,0.0,0.0,0.0,12344.28,0,0.0,0.0,0
0,0,0,0,0,0,0,0,0,0,0,0,0,0,1,0,0,10099.32,10438.34,11537.47,10691.71,15,0,653,27,18,31,1,4,0,0.0,0.0,0.0,0.0,0.0,0.0,0.0,0.0,10691.71,0,0.0,0.0,0
0,0,0,0,0,1,0,0,0,0,0,0,0,0,0,0,0,35306.85,38151.44,31409.13,34955.81,18,0,500,12,2,54,0,-1,2,425.63,326.09,0.0,0.0,0.0,0.0,0.0,16342.39,18613.41,1,11000.0,1.45,70
0,0,0,0,0,0,0,0,0,0,0,0,0,0,0,0,0,34108.33,27874.57,27595.49,29859.46,11,2,463,10,16,16,0,-1,5,368.23,252.23,243.78,185.38,183.13,0.0,0.0,26799.98,3059.48,1,5000.0,1.45,65
0,0,0,0,1,0,0,0,0,0,0,0,0,0,0,0,0,17475.43,16527.64,17016.91,17006.66,9,0,518,0,34,21,0,-1,4,301.67,119.35,92.51,97.36,0.0,0.0,0.0,13280.75,3725.91,0,0.0,0.0,0
0,0,0,0,0,0,1,0,0,0,0,0,0,0,0,0,0,13002.95,13188.81,11392.68,12528.15,16,5,571,11,8,34,1,1,0,0.0,0.0,0.0,0.0,0.0,0.0,0.0,0.0,12528.15,0,0.0,0.0,0
0,1,0,0,0,0,0,0,0,0,0,0,0,0,0,0,0,25048.67,24610.04,22556.32,24071.68,3,0,486,9,22,27,0,-1,3,254.85,187.28,182.02,0.0,0.0,0.0,0.0,13569.02,10502.66,1,5000.0,1.45,70
0,0,0,1,0,0,0,0,0,0,0,0,0,0,0,0,0,4866.55,5197.2,5419.64,5161.13,9,0,523,22,13,32,1,1,0,0.0,0.0,0.0,0.0,0.0,0.0,0.0,0.0,5161.13,0,0.0,0.0,0
0,0,0,1,0,0,0,0,0,0,0,0,0,0,0,0,0,12012.42,10542.15,9495.36,10683.31,12,0,557,30,4,28,0,-1,3,204.42,92.91,78.6,0.0,0.0,0.0,0.0,8172.72,2510.59,1,4000.0,1.45,90
0,0,0,0,0,0,0,0,0,0,0,1,0,0,0,0,0,22401.83,21109.83,19276.5,20929.38,9,5,487,5,21,27,0,-1,3,377.2,203.38,162.78,0.0,0.0,0.0,0.0,16160.65,4768.74,1,4200.0,1.45,70
0,0,0,1,0,0,0,0,0,0,0,0,0,0,0,0,0,33210.97,33619.89,41248.89,36026.59,11,0,420,4,16,24,0,-1,1,309.51,0.0,0.0,0.0,0.0,0.0,0.0,6728.75,29297.84,1,12000.0,1.45,80
0,0,0,0,0,0,0,0,0,1,0,0,0,0,0,0,0,38581.78,29878.33,27410.24,31956.78,12,14,677,22,5,34,0,-1,0,0.0,0.0,0.0,0.0,0.0,0.0,0.0,0.0,31956.78,1,10000.0,1.45,75
0,0,1,0,0,0,0,0,0,0,0,0,0,0,0,0,0,19918.96,22383.43,20735.28,21012.56,9,0,598,11,14,25,1,0,1,355.09,0.0,0.0,0.0,0.0,0.0,0.0,7719.66,13292.9,1,5000.0,1.45,60
0,0,0,1,0,0,0,0,0,0,0,0,0,0,0,0,0,5758.25,5081.41,6475.84,5771.83,11,6,600,26,17,47,0,-1,4,90.93,55.48,50.82,36.03,0.0,0.0,0.0,5071.07,700.76,0,0.0,0.0,0
0,0,0,0,0,0,0,0,0,0,0,0,1,0,0,0,0,18738.01,18556.98,19093.52,18796.17,8,4,554,3,31,33,1,1,1,393.28,0.0,0.0,0.0,0.0,0.0,0.0,8549.91,10246.26,1,4000.0,1.45,60
0,0,0,0,1,0,0,0,0,0,0,0,0,0,0,0,0,9406.82,11017.84,12263.6,10896.09,11,0,592,8,5,24,0,-1,3,115.85,127.28,59.25,0.0,0.0,0.0,0.0,6573.74,4322.35,1,3000.0,1.45,60
0,0,0,0,0,0,0,0,1,0,0,0,0,0,0,0,0,17616.96,18256.15,17781.5,17884.87,6,3,660,7,17,36,0,-1,0,0.0,0.0,0.0,0.0,0.0,0.0,0.0,0.0,17884.87,0,0.0,0.0,0
0,0,0,0,0,0,0,0,0,0,0,0,1,0,0,0,0,18526.3,16677.63,16100.81,17101.58,8,2,606,29,27,19,0,-1,4,299.77,167.26,100.51,53.71,0.0,0.0,0.0,13505.97,3595.6,1,3500.0,1.45,60
0,0,0,0,1,0,0,0,0,0,0,0,0,0,0,0,0,16750.52,14450.3,15041.71,15414.18,7,6,545,1,28,27,0,-1,0,0.0,0.0,0.0,0.0,0.0,0.0,0.0,0.0,15414.18,0,0.0,0.0,0
0,0,0,0,0,0,0,0,0,0,0,0,0,0,0,0,1,20028.14,21699.9,23488.18,21738.74,5,3,476,1,10,29,0,-1,4,342.27,124.42,185.16,96.43,0.0,0.0,0.0,16267.61,5471.13,0,0.0,0.0,0
0,1,0,0,0,0,0,0,0,0,0,0,0,0,0,0,0,36338.54,28356.64,27799.58,30831.59,0,0,603,27,18,26,1,1,1,505.82,0.0,0.0,0.0,0.0,0.0,0.0,10996.53,19835.06,1,5000.0,1.45,60
0,0,0,0,0,1,0,0,0,0,0,0,0,0,0,0,0,8710.63,9867.14,8888.12,9155.3,16,8,481,23,26,22,0,-1,2,107.69,76.48,0.0,0.0,0.0,0.0,0.0,4003.86,5151.44,1,3000.0,1.45,60
0,0,0,0,0,0,0,0,0,0,1,0,0,0,0,0,0,1428.03,1296.1,1386.07,1370.06,6,1,820,11,20,38,0,-1,0,0.0,0.0,0.0,0.0,0.0,0.0,0.0,0.0,1370.06,0,0.0,0.0,0
0,0,0,0,0,0,0,0,0,0,0,0,0,0,1,0,0,15006.07,15934.66,18699.76,16546.83,14,9,564,26,9,31,1,1,0,0.0,0.0,0.0,0.0,0.0,0.0,0.0,0.0,16546.83,0,0.0,0.0,0
0,0,0,0,0,0,0,0,1,0,0,0,0,0,0,0,0,30155.2,31013.01,30544.73,30570.98,6,0,651,7,24,25,0,-1,1,495.7,0.0,0.0,0.0,0.0,0.0,0.0,10776.52,19794.46,1,13000.0,1.45,70
0,0,0,0,0,0,0,0,0,0,0,1,0,0,0,0,0,28321.36,28816.11,23223.43,26786.97,17,2,562,30,33,37,1,3,0,0.0,0.0,0.0,0.0,0.0,0.0,0.0,0.0,26786.97,0,0.0,0.0,0
0,0,0,0,0,0,1,0,0,0,0,0,0,0,0,0,0,8582.7,8771.22,8555.18,8636.37,18,4,610,23,32,24,1,3,0,0.0,0.0,0.0,0.0,0.0,0.0,0.0,0.0,8636.37,0,0.0,0.0,0
0,0,0,0,0,0,0,0,0,0,0,1,0,0,0,0,0,21677.41,22026.91,25140.71,22948.35,16,1,517,22,25,39,0,-1,5,473.92,236.33,114.92,67.02,101.48,0.0,0.0,21602.39,1345.96,0,0.0,0.0,0
0,0,0,0,0,0,0,1,0,0,0,0,0,0,0,0,0,25339.4,23302.31,27091.2,25244.3,20,7,304,20,21,36,1,4,0,0.0,0.0,0.0,0.0,0.0,0.0,0.0,0.0,25244.3,0,0.0,0.0,0
0,1,0,0,0,0,0,0,0,0,0,0,0,0,0,0,0,7141.57,6895.78,7033.78,7023.71,7,0,605,3,13,29,0,-1,4,82.66,65.67,57.9,25.2,0.0,0.0,0.0,5031.29,1992.42,0,0.0,0.0,0
0,0,0,1,0,0,0,0,0,0,0,0,0,0,0,0,0,22201.75,20729.51,21982.17,21637.81,11,4,547,11,0,33,0,-1,3,289.54,194.05,116.72,0.0,0.0,0.0,0.0,13050.74,8587.07,1,7000.0,1.45,70
0,0,0,0,0,0,0,0,0,0,0,0,0,0,0,1,0,34508.59,30733.94,25865.18,30369.24,9,6,506,18,30,44,1,0,1,599.63,0.0,0.0,0.0,0.0,0.0,0.0,13035.96,17333.28,1,5000.0,1.45,60
0,0,0,0,1,0,0,0,0,0,0,0,0,0,0,0,0,12252.23,14385.98,13706.59,13448.27,15,3,590,5,30,36,0,-1,4,203.75,125.85,91.49,60.26,0.0,0.0,0.0,10464.55,2983.72,0,0.0,0.0,0
0,0,0,0,0,0,0,0,0,0,0,0,1,0,0,0,0,16312.49,17727.2,15826.07,16621.92,5,7,590,28,22,45,0,-1,2,199.46,190.01,0.0,0.0,0.0,0.0,0.0,8467.08,8154.84,1,5000.0,1.45,70
0,0,0,0,0,0,0,0,0,0,0,0,0,0,0,0,0,1268.73,1493.35,1449.61,1403.9,8,4,540,23,5,22,1,0,0,0.0,0.0,0.0,0.0,0.0,0.0,0.0,0.0,1403.9,0,0.0,0.0,0
0,0,0,0,0,0,0,0,1,0,0,0,0,0,0,0,0,10659.82,10126.31,10413.13,10399.75,6,4,516,14,2,35,1,0,0,0.0,0.0,0.0,0.0,0.0,0.0,0.0,0.0,10399.75,0,0.0,0.0,0
0,0,0,0,0,0,0,1,0,0,0,0,0,0,0,0,0,44153.8,39056.62,31203.46,38137.96,20,5,465,29,6,29,0,-1,1,585.73,0.0,0.0,0.0,0.0,0.0,0.0,12733.77,25404.19,1,25000.0,1.45,110
0,0,0,0,0,0,0,0,0,0,0,0,0,0,0,0,1,40639.12,38254.32,38153.08,39015.51,5,5,571,22,11,41,1,3,0,0.0,0.0,0.0,0.0,0.0,0.0,0.0,0.0,39015.51,0,0.0,0.0,0
0,0,0,0,0,0,0,1,0,0,0,0,0,0,0,0,0,11028.26,10755.21,10889.64,10891.04,20,4,447,10,17,34,1,0,0,0.0,0.0,0.0,0.0,0.0,0.0,0.0,0.0,10891.04,0,0.0,0.0,0
0,0,0,0,0,0,0,0,0,1,0,0,0,0,0,0,0,27897.75,26558.75,30468.78,28308.43,11,10,532,25,28,22,1,2,1,329.21,0.0,0.0,0.0,0.0,0.0,0.0,7157.03,21151.4,1,10500.0,1.45,70
0,0,0,0,0,0,0,0,0,0,0,0,0,0,1,0,0,33231.14,32388.35,26218.68,30612.72,13,0,432,3,17,22,0,-1,0,0.0,0.0,0.0,0.0,0.0,0.0,0.0,0.0,30612.72,0,0.0,0.0,0
0,0,0,0,0,0,0,0,0,0,0,0,0,0,1,0,0,8261.63,7636.65,10092.78,8663.68,18,8,355,6,28,37,0,-1,4,100.42,47.65,52.57,37.39,0.0,0.0,0.0,5174.77,3488.91,0,0.0,0.0,0
0,0,0,1,0,0,0,0,0,0,0,0,0,0,0,0,0,4753.57,6007.75,4083.46,4948.26,12,6,447,1,31,29,0,-1,0,0.0,0.0,0.0,0.0,0.0,0.0,0.0,0.0,4948.26,0,0.0,0.0,0
0,0,1,0,0,0,0,0,0,0,0,0,0,0,0,0,0,12857.54,13169.79,15592.92,13873.41,8,12,659,5,16,50,0,-1,2,213.25,73.48,0.0,0.0,0.0,0.0,0.0,6233.51,7639.9,1,3500.0,1.45,70
0,0,0,0,0,0,0,0,1,0,0,0,0,0,0,0,0,5136.05,5947.02,5130.36,5404.48,7,4,576,11,0,30,0,-1,1,81.16,0.0,0.0,0.0,0.0,0.0,0.0,1764.42,3640.06,1,3000.0,1.45,70
0,0,0,0,0,0,0,0,0,1,0,0,0,0,0,0,0,10352.08,11427.04,10867.58,10882.23,12,7,511,28,26,22,1,0,1,111.78,0.0,0.0,0.0,0.0,0.0,0.0,2430.1,8452.14,1,3000.0,1.45,50
0,0,0,0,0,0,0,0,0,1,0,0,0,0,0,0,0,25962.16,29970.04,29706.6,28546.27,14,0,481,27,7,46,1,2,0,0.0,0.0,0.0,0.0,0.0,0.0,0.0,0.0,28546.27,0,0.0,0.0,0
0,0,0,0,0,0,0,0,0,0,0,1,0,0,0,0,0,19130.5,19276.8,23125.45,20510.92,13,8,594,20,9,42,1,0,0,0.0,0.0,0.0,0.0,0.0,0.0,0.0,0.0,20510.92,0,0.0,0.0,0
1,0,0,0,0,0,0,0,0,0,0,0,0,0,0,0,0,10696.89,8657.76,8594.66,9316.43,5,7,527,0,11,31,0,-1,1,114.48,0.0,0.0,0.0,0.0,0.0,0.0,2488.8,6827.64,0,0.0,0.0,0
0,0,0,0,0,0,0,0,0,0,0,0,0,0,0,1,0,13718.33,12025.96,16200.21,13981.5,8,0,469,32,5,26,0,-1,4,246.28,129.73,85.56,71.0,0.0,0.0,0.0,11578.07,2403.43,1,3000.0,1.45,60
0,0,0,0,1,0,0,0,0,0,0,0,0,0,0,0,0,29894.75,35416.31,28017.65,31109.57,10,0,617,0,34,36,0,-1,4,592.97,366.27,197.81,180.99,0.0,0.0,0.0,29088.99,2020.58,1,5000.0,1.45,70
0,0,0,0,1,0,0,0,0,0,0,0,0,0,0,0,0,44267.35,39418.46,35420.58,39702.13,9,3,566,17,25,23,0,-1,2,631.77,413.78,0.0,0.0,0.0,0.0,0.0,22730.26,16971.87,1,11000.0,1.45,70
0,0,0,1,0,0,0,0,0,0,0,0,0,0,0,0,0,15350.14,14466.31,14074.34,14630.26,10,6,453,22,16,24,1,2,0,0.0,0.0,0.0,0.0,0.0,0.0,0.0,0.0,14630.26,1,2000.0,1.45,50
0,0,0,0,0,0,0,0,0,0,0,0,0,0,1,0,0,14602.55,16236.24,17976.25,16271.68,14,21,491,28,19,16,1,4,0,0.0,0.0,0.0,0.0,0.0,0.0,0.0,0.0,16271.68,0,0.0,0.0,0
0,0,0,0,0,0,0,0,0,1,0,0,0,0,0,0,0,9014.88,8972.86,10246.35,9411.36,14,6,544,30,19,30,0,-1,0,0.0,0.0,0.0,0.0,0.0,0.0,0.0,0.0,9411.36,1,5000.0,1.45,70
1,0,0,0,0,0,0,0,0,0,0,0,0,0,0,0,0,11025.23,12926.34,11682.68,11878.08,7,4,541,22,3,27,0,-1,0,0.0,0.0,0.0,0.0,0.0,0.0,0.0,0.0,11878.08,1,5000.0,1.45,70
0,0,0,0,0,0,0,1,0,0,0,0,0,0,0,0,0,20420.31,21302.36,24821.17,22181.28,19,0,479,8,13,25,0,-1,3,436.37,180.37,145.74,0.0,0.0,0.0,0.0,16576.32,5604.96,1,5000.0,1.45,70
0,0,1,0,0,0,0,0,0,0,0,0,0,0,0,0,0,12451.16,11287.57,11346.0,11694.91,9,6,663,26,28,33,0,-1,4,204.05,143.41,71.39,65.22,0.0,0.0,0.0,10523.68,1171.23,0,0.0,0.0,0
0,0,0,0,0,1,0,0,0,0,0,0,0,0,0,0,0,5066.48,6015.78,5161.51,5414.59,18,0,483,18,11,25,0,-1,3,69.16,62.85,40.2,0.0,0.0,0.0,0.0,3743.85,1670.74,1,2000.0,1.45,60
0,0,0,0,0,0,0,0,0,0,0,0,0,0,0,0,0,3951.25,4021.76,3629.17,3867.39,7,0,467,15,26,24,1,0,1,64.03,0.0,0.0,0.0,0.0,0.0,0.0,1392.01,2475.38,0,0.0,0.0,0
0,0,0,0,0,0,0,0,0,0,0,0,1,0,0,0,0,7607.95,6926.94,9015.74,7850.21,8,6,676,7,5,20,1,0,0,0.0,0.0,0.0,0.0,0.0,0.0,0.0,0.0,7850.21,0,0.0,0.0,0
0,1,0,0,0,0,0,0,0,0,0,0,0,0,0,0,0,5994.15,5847.39,6968.71,6270.08,4,6,516,25,13,56,1,1,1,97.49,0.0,0.0,0.0,0.0,0.0,0.0,2119.43,4150.65,0,0.0,0.0,0
0,0,1,0,0,0,0,0,0,0,0,0,0,0,0,0,0,6358.04,5224.21,5928.19,5836.81,9,5,515,31,4,19,1,0,0,0.0,0.0,0.0,0.0,0.0,0.0,0.0,0.0,5836.81,0,0.0,0.0,0
0,0,0,0,0,0,0,0,0,0,1,0,0,0,0,0,0,8238.37,10220.07,11323.55,9927.33,7,13,534,15,28,44,0,-1,2,139.87,55.41,0.0,0.0,0.0,0.0,0.0,4245.39,5681.94,0,0.0,0.0,0
0,1,0,0,0,0,0,0,0,0,0,0,0,0,0,0,0,7082.89,8630.93,7800.42,7838.08,5,8,620,15,17,48,1,1,0,0.0,0.0,0.0,0.0,0.0,0.0,0.0,0.0,7838.08,0,0.0,0.0,0
0,0,0,0,0,0,0,1,0,0,0,0,0,0,0,0,0,32528.65,31379.42,31511.47,31806.51,19,3,510,3,13,23,0,-1,3,467.9,223.94,222.97,0.0,0.0,0.0,0.0,19887.97,11918.54,1,5000.0,1.45,70
0,0,0,0,0,0,0,0,0,0,0,0,0,0,0,0,0,7743.04,10366.05,10049.07,9386.05,6,1,544,16,27,7,1,0,1,162.66,0.0,0.0,0.0,0.0,0.0,0.0,3536.23,5849.82,1,3000.0,1.45,60
0,0,0,0,0,0,0,0,0,0,0,0,0,1,0,0,0,5782.05,5306.52,6580.37,5889.65,17,13,660,24,19,55,0,-1,2,79.23,60.18,0.0,0.0,0.0,0.0,0.0,3030.77,2858.87,0,0.0,0.0,0
0,0,0,0,0,0,1,0,0,0,0,0,0,0,0,0,0,28953.77,23181.04,23302.07,25145.63,17,11,631,23,15,28,0,-1,1,485.52,0.0,0.0,0.0,0.0,0.0,0.0,10555.2,14590.42,1,15000.0,1.45,100
0,0,0,0,0,0,0,0,0,0,0,1,0,0,0,0,0,4062.7,3765.9,4438.64,4089.08,16,0,534,24,32,21,1,1,1,76.64,0.0,0.0,0.0,0.0,0.0,0.0,1666.15,2422.93,0,0.0,0.0,0
1,0,0,0,0,0,0,0,0,0,0,0,0,0,0,0,0,31434.83,26100.59,31844.35,29793.26,5,0,486,17,33,45,1,3,1,350.46,0.0,0.0,0.0,0.0,0.0,0.0,7619.0,22174.26,1,5000.0,1.45,60
0,0,0,0,0,0,0,0,0,0,0,0,0,0,0,0,1,14797.51,12625.28,13760.68,13727.83,4,1,492,30,21,46,1,2,0,0.0,0.0,0.0,0.0,0.0,0.0,0.0,0.0,13727.83,0,0.0,0.0,0
0,1,0,0,0,0,0,0,0,0,0,0,0,0,0,0,0,18611.44,18941.35,20919.8,19490.86,9,2,549,20,18,46,1,0,0,0.0,0.0,0.0,0.0,0.0,0.0,0.0,0.0,19490.86,0,0.0,0.0,0
0,1,0,0,0,0,0,0,0,0,0,0,0,0,0,0,0,32041.63,33629.97,32093.89,32588.5,6,0,657,30,1,35,1,0,0,0.0,0.0,0.0,0.0,0.0,0.0,0.0,0.0,32588.5,0,0.0,0.0,0
0,0,0,0,0,0,1,0,0,0,0,0,0,0,0,0,0,19481.93,23931.19,23044.65,22152.59,17,7,707,14,29,34,1,0,0,0.0,0.0,0.0,0.0,0.0,0.0,0.0,0.0,22152.59,0,0.0,0.0,0
0,0,0,0,0,0,0,0,0,0,0,0,0,0,0,0,1,28793.58,26639.84,27390.57,27608.0,5,0,652,5,18,40,0,-1,1,536.67,0.0,0.0,0.0,0.0,0.0,0.0,11667.21,15940.79,1,10500.0,1.45,70
0,1,0,0,0,0,0,0,0,0,0,0,0,0,0,0,0,23342.88,30449.88,24121.69,25971.48,5,0,647,33,0,18,0,-1,2,445.15,145.16,0.0,0.0,0.0,0.0,0.0,12833.34,13138.14,1,13000.0,1.45,100
0,0,0,0,0,0,0,1,0,0,0,0,0,0,0,0,0,20498.75,20111.96,19333.38,19981.36,19,9,602,29,8,33,0,-1,0,0.0,0.0,0.0,0.0,0.0,0.0,0.0,0.0,19981.36,1,8000.0,1.45,90
0,0,0,0,0,0,0,0,0,0,0,0,0,0,0,0,0,33513.43,34326.15,38511.86,35450.48,9,0,472,18,0,32,0,-1,2,514.61,388.59,0.0,0.0,0.0,0.0,0.0,19635.57,15814.91,1,15000.0,1.45,85
0,0,0,1,0,0,0,0,0,0,0,0,0,0,0,0,0,35829.34,29585.53,36057.23,33824.03,11,0,471,13,26,31,1,1,0,0.0,0.0,0.0,0.0,0.0,0.0,0.0,0.0,33824.03,0,0.0,0.0,0
0,0,0,0,0,0,0,0,0,0,0,0,1,0,0,0,0,1563.6,1880.45,1510.29,1651.45,7,1,473,34,23,48,1,0,0,0.0,0.0,0.0,0.0,0.0,0.0,0.0,0.0,1651.45,0,0.0,0.0,0
0,0,0,0,0,0,1,0,0,0,0,0,0,0,0,0,0,31511.9,38588.3,37176.65,35758.95,18,0,565,25,28,25,0,-1,3,701.57,313.52,166.28,0.0,0.0,0.0,0.0,25682.98,10075.97,1,11000.0,1.45,85
0,0,0,1,0,0,0,0,0,0,0,0,0,0,0,0,0,4233.18,5268.04,4563.49,4688.24,11,11,410,25,2,18,0,-1,1,69.89,0.0,0.0,0.0,0.0,0.0,0.0,1519.41,3168.83,1,2500.0,1.45,65
1,0,0,0,0,0,0,0,0,0,0,0,0,0,0,0,0,1209.73,977.66,1141.96,1109.79,6,4,633,29,14,38,0,-1,1,20.93,0.0,0.0,0.0,0.0,0.0,0.0,455.02,654.77,0,0.0,0.0,0
0,0,0,1,0,0,0,0,0,0,0,0,0,0,0,0,0,34691.27,27808.29,32199.66,31566.41,12,0,478,13,2,38,0,-1,0,0.0,0.0,0.0,0.0,0.0,0.0,0.0,0.0,31566.41,1,7000.0,1.45,70
0,0,1,0,0,0,0,0,0,0,0,0,0,0,0,0,0,1997.93,1806.59,2019.26,1941.26,8,0,631,23,32,27,0,-1,0,0.0,0.0,0.0,0.0,0.0,0.0,0.0,0.0,1941.26,0,0.0,0.0,0
0,0,1,0,0,0,0,0,0,0,0,0,0,0,0,0,0,3024.79,2246.87,2599.17,2623.61,8,0,472,30,10,32,0,-1,2,47.55,24.45,0.0,0.0,0.0,0.0,0.0,1565.28,1058.33,0,0.0,0.0,0
0,0,0,0,0,0,0,1,0,0,0,0,0,0,0,0,0,29545.97,26960.55,31892.72,29466.41,20,3,510,6,19,24,1,0,0,0.0,0.0,0.0,0.0,0.0,0.0,0.0,0.0,29466.41,0,0.0,0.0,0
0,0,0,0,0,0,0,0,0,0,1,0,0,0,0,0,0,27104.44,29689.79,26611.0,27801.74,6,0,534,17,26,16,0,-1,3,462.02,262.45,150.13,0.0,0.0,0.0,0.0,19013.8,8787.94,1,5000.0,1.45,70
0,0,0,0,0,0,0,0,0,0,0,0,0,0,1,0,0,10346.31,15056.93,11005.85,12136.36,18,14,708,29,34,30,0,-1,4,178.01,104.7,82.65,62.58,0.0,0.0,0.0,9303.42,2832.95,0,0.0,0.0,0
0,0,0,0,0,0,1,0,0,0,0,0,0,0,0,0,0,7667.69,7892.12,7400.95,7653.59,20,5,717,26,16,37,0,-1,0,0.0,0.0,0.0,0.0,0.0,0.0,0.0,0.0,7653.59,1,3500.0,1.45,60
1,0,0,0,0,0,0,0,0,0,0,0,0,0,0,0,0,27953.51,22493.41,29096.48,26514.46,4,0,576,11,0,34,1,2,1,334.69,0.0,0.0,0.0,0.0,0.0,0.0,7276.16,19238.3,1,5000.0,1.45,60
0,0,0,0,0,0,0,0,0,0,0,0,0,1,0,0,0,30605.95,29463.23,27021.22,29030.14,17,6,386,22,21,29,1,2,0,0.0,0.0,0.0,0.0,0.0,0.0,0.0,0.0,29030.14,0,0.0,0.0,0
0,0,0,0,0,0,0,0,0,0,1,0,0,0,0,0,0,16170.38,15106.06,18452.26,16576.23,5,1,548,30,8,13,0,-1,2,204.85,154.57,0.0,0.0,0.0,0.0,0.0,7813.79,8762.44,1,5000.0,1.45,70
0,0,0,0,0,0,0,0,0,0,0,1,0,0,0,0,0,11243.61,9841.97,11660.57,10915.38,10,13,573,2,29,27,0,-1,2,188.49,89.77,0.0,0.0,0.0,0.0,0.0,6049.37,4866.01,0,0.0,0.0,0
0,0,0,1,0,0,0,0,0,0,0,0,0,0,0,0,0,10355.83,9556.21,11130.48,10347.51,11,0,808,14,32,21,0,-1,1,108.9,0.0,0.0,0.0,0.0,0.0,0.0,2367.49,7980.02,1,7000.0,1.45,100
0,0,0,0,0,0,0,0,0,1,0,0,0,0,0,0,0,21281.84,18641.36,21829.56,20584.25,11,0,692,21,19,33,0,-1,5,351.32,166.36,152.53,94.43,93.72,0.0,0.0,18660.75,1923.51,0,0.0,0.0,0
0,0,0,0,0,1,0,0,0,0,0,0,0,0,0,0,0,1325.31,1433.31,1348.36,1369.0,16,0,691,19,23,16,1,1,0,0.0,0.0,0.0,0.0,0.0,0.0,0.0,0.0,1369.0,0,0.0,0.0,0
0,0,0,0,0,0,0,0,0,0,0,0,0,1,0,0,0,22108.07,27818.57,19940.42,23289.02,17,11,548,32,27,38,0,-1,2,299.59,236.19,0.0,0.0,0.0,0.0,0.0,11647.86,11641.16,1,6000.0,1.45,70
0,0,0,0,0,0,0,0,1,0,0,0,0,0,0,0,0,10017.23,8944.61,7893.94,8951.93,6,0,527,20,27,48,1,4,0,0.0,0.0,0.0,0.0,0.0,0.0,0.0,0.0,8951.93,0,0.0,0.0,0
0,0,0,0,0,0,0,0,0,0,0,0,0,1,0,0,0,14828.46,14510.01,16387.23,15241.9,18,0,497,34,20,39,1,0,0,0.0,0.0,0.0,0.0,0.0,0.0,0.0,0.0,15241.9,0,0.0,0.0,0
0,0,0,0,0,0,0,0,0,0,0,0,0,0,0,0,1,28439.44,27057.87,25234.21,26910.51,4,2,603,18,33,27,1,2,1,410.18,0.0,0.0,0.0,0.0,0.0,0.0,8917.31,17993.19,1,7000.0,1.45,60
0,0,0,0,0,0,0,0,0,0,0,0,0,1,0,0,0,28391.47,22069.2,20569.56,23676.74,16,0,650,1,1,49,1,0,0,0.0,0.0,0.0,0.0,0.0,0.0,0.0,0.0,23676.74,0,0.0,0.0,0
0,1,0,0,0,0,0,0,0,0,0,0,0,0,0,0,0,7903.36,9193.46,7945.65,8347.49,7,0,556,30,18,48,0,-1,4,172.36,67.16,70.19,38.86,0.0,0.0,0.0,7577.91,769.58,0,0.0,0.0,0
0,0,0,0,0,0,0,0,1,0,0,0,0,0,0,0,0,13447.65,10219.67,13186.31,12284.54,7,0,329,23,21,19,1,0,0,0.0,0.0,0.0,0.0,0.0,0.0,0.0,0.0,12284.54,0,0.0,0.0,0
0,0,0,0,0,0,0,0,0,0,0,0,0,1,0,0,0,15694.26,14627.04,15786.11,15369.14,18,14,719,24,14,29,1,0,0,0.0,0.0,0.0,0.0,0.0,0.0,0.0,0.0,15369.14,0,0.0,0.0,0
0,0,0,0,0,0,0,0,0,0,0,0,1,0,0,0,0,19348.84,24107.98,23760.18,22405.67,7,11,473,16,6,41,1,2,0,0.0,0.0,0.0,0.0,0.0,0.0,0.0,0.0,22405.67,0,0.0,0.0,0
0,0,0,0,0,0,0,0,0,0,0,0,0,0,0,0,0,13710.02,16436.63,15052.55,15066.4,10,0,456,9,14,36,1,1,0,0.0,0.0,0.0,0.0,0.0,0.0,0.0,0.0,15066.4,0,0.0,0.0,0
0,0,0,0,0,0,0,0,0,0,0,1,0,0,0,0,0,27785.97,34199.69,30024.86,30670.17,15,0,493,11,22,38,1,3,0,0.0,0.0,0.0,0.0,0.0,0.0,0.0,0.0,30670.17,0,0.0,0.0,0
0,0,0,0,0,0,0,0,0,1,0,0,0,0,0,0,0,4011.65,4363.27,4196.09,4190.33,14,3,400,13,32,23,1,4,0,0.0,0.0,0.0,0.0,0.0,0.0,0.0,0.0,4190.33,0,0.0,0.0,0
0,0,0,0,0,0,0,0,0,0,0,0,0,0,0,0,1,5774.79,5624.1,6704.33,6034.41,5,0,534,1,0,25,0,-1,1,119.42,0.0,0.0,0.0,0.0,0.0,0.0,2596.19,3438.22,1,3000.0,1.45,60
0,0,0,0,0,0,0,0,0,0,0,0,0,0,1,0,0,2031.31,1872.71,1594.17,1832.73,14,0,504,8,29,28,0,-1,0,0.0,0.0,0.0,0.0,0.0,0.0,0.0,0.0,1832.73,0,0.0,0.0,0
0,0,0,1,0,0,0,0,0,0,0,0,0,0,0,0,0,2852.56,2384.43,2388.04,2541.68,11,0,538,13,15,29,1,2,1,28.44,0.0,0.0,0.0,0.0,0.0,0.0,618.29,1923.39,0,0.0,0.0,0
0,0,0,0,0,0,0,0,0,0,0,0,1,0,0,0,0,1147.89,1031.53,993.03,1057.48,6,7,460,31,29,38,1,1,0,0.0,0.0,0.0,0.0,0.0,0.0,0.0,0.0,1057.48,0,0.0,0.0,0
0,0,0,0,0,0,0,1,0,0,0,0,0,0,0,0,0,10033.4,7450.12,10983.26,9488.93,19,3,566,8,18,32,1,0,1,168.41,0.0,0.0,0.0,0.0,0.0,0.0,3661.23,5827.69,1,3000.0,1.45,60
0,0,0,0,0,0,0,0,0,0,0,0,0,0,0,0,1,12812.46,15094.21,14178.01,14028.22,5,0,604,3,29,26,0,-1,4,178.64,140.24,95.79,78.84,0.0,0.0,0.0,10728.91,3299.32,0,0.0,0.0,0
0,0,0,0,0,0,0,1,0,0,0,0,0,0,0,0,0,14352.66,13072.13,16330.54,14585.11,20,11,497,21,20,38,0,-1,3,208.87,134.13,76.38,0.0,0.0,0.0,0.0,9117.32,5467.79,1,4000.0,1.45,60
0,0,0,0,0,0,0,0,0,0,0,0,0,0,0,0,0,25259.7,17249.73,19667.85,20725.76,9,0,542,30,6,34,1,2,0,0.0,0.0,0.0,0.0,0.0,0.0,0.0,0.0,20725.76,0,0.0,0.0,0
0,0,0,1,0,0,0,0,0,0,0,0,0,0,0,0,0,12021.25,11636.4,22291.07,15316.24,12,11,549,11,20,24,1,2,0,0.0,0.0,0.0,0.0,0.0,0.0,0.0,0.0,15316.24,0,0.0,0.0,0
0,0,0,0,0,0,0,0,0,0,0,0,0,0,0,0,0,10671.75,9637.69,10397.34,10235.59,6,18,679,19,32,28,1,0,0,0.0,0.0,0.0,0.0,0.0,0.0,0.0,0.0,10235.59,0,0.0,0.0,0
0,0,0,0,0,0,0,0,0,0,0,1,0,0,0,0,0,12392.43,8063.35,10123.35,10193.04,13,4,643,6,34,31,0,-1,1,189.27,0.0,0.0,0.0,0.0,0.0,0.0,4114.73,6078.31,1,4000.0,1.45,65
0,0,0,0,0,0,0,0,1,0,0,0,0,0,0,0,0,40318.55,27729.16,53672.55,40573.42,6,0,505,15,24,41,1,2,0,0.0,0.0,0.0,0.0,0.0,0.0,0.0,0.0,40573.42,0,0.0,0.0,0
0,0,0,0,0,1,0,0,0,0,0,0,0,0,0,0,0,25120.93,28060.5,32105.79,28429.08,17,0,590,25,19,21,1,1,0,0.0,0.0,0.0,0.0,0.0,0.0,0.0,0.0,28429.08,0,0.0,0.0,0
0,0,0,0,0,0,0,0,0,0,0,0,0,0,0,0,1,18500.12,9348.41,16583.36,14810.63,5,14,754,23,34,47,1,0,0,0.0,0.0,0.0,0.0,0.0,0.0,0.0,0.0,14810.63,0,0.0,0.0,0
0,0,0,0,0,0,0,0,0,0,0,0,0,0,0,0,0,5781.67,14162.3,21069.79,13671.25,9,0,505,8,25,52,0,-1,4,208.38,126.4,93.37,91.24,0.0,0.0,0.0,11291.54,2379.71,1,2000.0,1.45,60
0,0,0,0,0,1,0,0,0,0,0,0,0,0,0,0,0,18590.41,26672.96,9831.68,18365.02,17,0,471,33,20,30,1,0,0,0.0,0.0,0.0,0.0,0.0,0.0,0.0,0.0,18365.02,0,0.0,0.0,0
0,0,0,0,0,0,0,0,0,1,0,0,0,0,0,0,0,4105.87,19448.86,6010.6,9855.11,14,0,821,14,34,35,1,1,1,105.74,0.0,0.0,0.0,0.0,0.0,0.0,2298.79,7556.32,0,0.0,0.0,0
0,0,0,0,0,0,0,0,0,0,0,0,0,0,0,0,0,51559.66,31319.78,3947.39,28942.27,9,0,663,13,21,39,0,-1,3,313.76,284.91,216.14,0.0,0.0,0.0,0.0,17713.97,11228.3,1,6000.0,1.45,70
0,0,0,0,0,0,0,1,0,0,0,0,0,0,0,0,0,17453.18,0.0,39459.7,18970.96,20,4,526,28,17,29,0,-1,1,277.06,0.0,0.0,0.0,0.0,0.0,0.0,6023.28,12947.67,0,0.0,0.0,0
0,0,0,0,0,0,0,0,1,0,0,0,0,0,0,0,0,35445.07,42017.58,21160.85,32874.5,7,0,392,28,20,51,0,-1,5,365.19,350.93,293.87,118.63,194.05,0.0,0.0,28754.85,4119.65,0,0.0,0.0,0
0,0,0,0,0,0,0,0,0,0,0,0,0,0,0,1,0,39186.83,28402.2,41175.56,36254.87,8,1,420,21,28,21,1,1,1,519.67,0.0,0.0,0.0,0.0,0.0,0.0,11297.63,24957.24,1,5000.0,1.45,60
0,0,0,0,0,0,0,0,0,0,0,0,1,0,0,0,0,12774.66,6612.54,5175.89,8187.7,5,2,539,20,22,37,0,-1,1,120.18,0.0,0.0,0.0,0.0,0.0,0.0,2612.71,5574.98,1,2000.0,1.45,60
0,0,0,0,0,0,0,0,1,0,0,0,0,0,0,0,0,20724.13,318.38,4039.42,8360.64,8,11,648,11,1,40,1,3,0,0.0,0.0,0.0,0.0,0.0,0.0,0.0,0.0,8360.64,0,0.0,0.0,0
0,0,0,0,0,0,0,0,0,0,0,0,0,0,0,1,0,2882.52,0.0,18709.66,7197.39,8,0,582,7,4,19,0,-1,3,94.41,74.04,43.04,0.0,0.0,0.0,0.0,4597.79,2599.6,0,0.0,0.0,0
0,0,0,0,0,0,0,0,0,0,1,0,0,0,0,0,0,12171.7,4950.66,1994.0,6372.12,7,0,361,28,22,26,0,-1,3,124.64,72.44,34.32,0.0,0.0,0.0,0.0,5030.64,1341.48,0,0.0,0.0,0
0,0,0,0,0,0,0,0,1,0,0,0,0,0,0,0,0,5640.39,5866.26,4373.51,5293.39,4,9,513,25,15,35,0,-1,4,89.05,43.54,27.78,21.88,0.0,0.0,0.0,3962.11,1331.27,0,0.0,0.0,0
0,0,0,0,0,0,0,0,0,1,0,0,0,0,0,0,0,3.79,4464.43,6276.97,3581.73,12,8,404,1,5,29,1,1,0,0.0,0.0,0.0,0.0,0.0,0.0,0.0,0.0,3581.73,0,0.0,0.0,0
0,0,0,1,0,0,0,0,0,0,0,0,0,0,0,0,0,0.0,18447.12,33197.26,17214.79,11,7,519,15,16,29,1,0,0,0.0,0.0,0.0,0.0,0.0,0.0,0.0,0.0,17214.79,0,0.0,0.0,0
0,1,0,0,0,0,0,0,0,0,0,0,0,0,0,0,0,12785.68,8842.14,10567.26,10731.69,6,0,591,5,26,46,0,-1,2,170.8,100.7,0.0,0.0,0.0,0.0,0.0,5902.41,4829.28,1,3000.0,1.45,60
0,0,0,0,0,0,0,0,0,0,1,0,0,0,0,0,0,10375.27,32070.48,3375.15,15273.63,7,13,675,23,24,34,1,0,0,0.0,0.0,0.0,0.0,0.0,0.0,0.0,0.0,15273.63,0,0.0,0.0,0
0,0,0,0,0,0,0,0,0,0,0,0,0,0,1,0,0,4278.47,3955.65,3808.03,4014.05,10,0,629,0,18,27,0,-1,1,64.32,0.0,0.0,0.0,0.0,0.0,0.0,1398.32,2615.73,0,0.0,0.0,0
0,0,0,0,0,0,0,0,0,1,0,0,0,0,0,0,0,50008.29,0.0,0.0,16669.43,13,0,358,23,21,20,0,-1,0,0.0,0.0,0.0,0.0,0.0,0.0,0.0,0.0,16669.43,0,0.0,0.0,0
1,0,0,0,0,0,0,0,0,0,0,0,0,0,0,0,0,13349.86,11995.43,12852.44,12732.58,5,3,527,20,1,35,1,0,0,0.0,0.0,0.0,0.0,0.0,0.0,0.0,0.0,12732.58,0,0.0,0.0,0
0,0,0,1,0,0,0,0,0,0,0,0,0,0,0,0,0,8317.4,54282.06,24834.24,29144.57,13,0,469,25,19,26,0,-1,4,249.51,256.18,158.43,179.51,0.0,0.0,0.0,18340.52,10804.05,1,3500.0,1.45,60
0,0,0,0,0,0,0,0,0,0,0,0,0,0,0,1,0,44167.96,28053.59,26369.72,32863.76,7,0,580,32,14,32,1,2,0,0.0,0.0,0.0,0.0,0.0,0.0,0.0,0.0,32863.76,0,0.0,0.0,0
0,0,0,0,0,0,0,0,0,0,0,0,0,0,0,1,0,35777.15,22398.76,35045.86,31073.93,9,4,476,34,18,7,1,1,1,530.35,0.0,0.0,0.0,0.0,0.0,0.0,11529.81,19544.12,0,0.0,0.0,0
0,0,0,1,0,0,0,0,0,0,0,0,0,0,0,0,0,25382.99,14374.92,16496.9,18751.6,12,3,446,26,2,33,1,0,0,0.0,0.0,0.0,0.0,0.0,0.0,0.0,0.0,18751.6,0,0.0,0.0,0
1,0,0,0,0,0,0,0,0,0,0,0,0,0,0,0,0,0.0,26305.85,19109.78,15138.54,5,7,706,20,32,25,1,0,0,0.0,0.0,0.0,0.0,0.0,0.0,0.0,0.0,15138.54,0,0.0,0.0,0
0,0,0,0,0,0,0,1,0,0,0,0,0,0,0,0,0,27224.7,2387.61,14092.98,14568.43,21,0,587,5,30,16,0,-1,3,222.68,154.81,74.54,0.0,0.0,0.0,0.0,9827.13,4741.3,1,3000.0,1.45,60
0,0,0,0,1,0,0,0,0,0,0,0,0,0,0,0,0,4230.78,3526.42,4248.02,4001.74,11,2,490,30,34,28,0,-1,0,0.0,0.0,0.0,0.0,0.0,0.0,0.0,0.0,4001.74,0,0.0,0.0,0
0,0,0,0,0,0,0,1,0,0,0,0,0,0,0,0,0,6906.38,21473.23,27066.94,18482.18,20,9,616,13,9,32,0,-1,5,367.47,192.21,127.36,111.1,59.01,0.0,0.0,18634.44,0.0,0,0.0,0.0,0
0,0,0,0,0,0,0,0,0,0,0,0,0,1,0,0,0,7591.08,4906.32,10311.38,7602.93,19,0,559,8,4,30,0,-1,2,119.76,80.11,0.0,0.0,0.0,0.0,0.0,4345.17,3257.75,1,2000.0,1.45,60
0,0,0,0,0,0,0,0,0,0,0,0,0,0,1,0,0,24760.29,18600.64,13884.15,19081.7,13,0,427,19,28,47,0,-1,4,274.32,208.71,141.34,125.38,0.0,0.0,0.0,16299.56,2782.13,0,0.0,0.0,0
1,0,0,0,0,0,0,0,0,0,0,0,0,0,0,0,0,14796.6,14528.08,14764.38,14696.35,4,2,634,12,26,15,0,-1,3,207.62,150.73,97.36,0.0,0.0,0.0,0.0,9907.14,4789.22,1,7000.0,1.45,80
0,0,0,0,0,0,1,0,0,0,0,0,0,0,0,0,0,5389.37,14390.96,12580.27,10786.87,17,0,524,9,16,36,0,-1,2,137.77,83.37,0.0,0.0,0.0,0.0,0.0,4807.58,5979.29,1,2000.0,1.45,60
0,0,1,0,0,0,0,0,0,0,0,0,0,0,0,0,0,20779.34,14102.93,5480.64,13454.31,10,0,534,34,31,48,1,1,1,219.77,0.0,0.0,0.0,0.0,0.0,0.0,4777.8,8676.51,0,0.0,0.0,0
0,0,0,0,0,0,0,0,0,0,0,1,0,0,0,0,0,31294.97,25363.34,54257.86,36972.06,10,0,621,17,23,39,0,-1,5,689.21,258.45,236.2,182.01,161.93,0.0,0.0,33214.37,3757.68,0,0.0,0.0,0
0,0,0,0,0,0,0,0,0,0,0,1,0,0,0,0,0,10406.35,13013.99,12413.95,11944.77,10,8,523,22,8,24,1,2,2,227.16,147.09,0.0,0.0,0.0,0.0,0.0,8136.19,3808.57,1,3000.0,1.45,60
1,0,0,0,0,0,0,0,0,0,0,0,0,0,0,0,0,69065.19,95517.05,14634.44,59738.89,7,0,609,12,24,26,0,-1,0,0.0,0.0,0.0,0.0,0.0,0.0,0.0,0.0,59738.89,1,15000.0,1.45,70
0,0,0,0,0,0,0,0,1,0,0,0,0,0,0,0,0,31990.53,35264.93,32855.1,33370.18,6,0,554,6,24,32,0,-1,2,484.67,377.62,0.0,0.0,0.0,0.0,0.0,18746.18,14624.0,1,18000.0,1.47,100
0,0,0,0,0,0,0,0,0,0,0,0,0,0,0,0,1,21377.89,17400.38,66878.74,35219.0,4,0,653,10,25,29,1,0,0,0.0,0.0,0.0,0.0,0.0,0.0,0.0,0.0,35219.0,0,0.0,0.0,0
0,0,0,0,0,0,0,0,0,1,0,0,0,0,0,0,0,31058.71,0.0,35897.1,22318.6,12,4,370,27,29,32,0,-1,3,251.76,191.46,104.51,0.0,0.0,0.0,0.0,11907.65,10410.95,0,0.0,0.0,0
0,0,0,0,0,0,0,0,0,0,0,1,0,0,0,0,0,32821.69,31106.56,26989.26,30305.83,14,0,612,28,11,32,0,-1,2,560.3,291.43,0.0,0.0,0.0,0.0,0.0,18516.61,11789.22,1,10000.0,1.45,75
0,0,0,1,0,0,0,0,0,0,0,0,0,0,0,0,0,10512.49,8651.83,19587.16,12917.16,11,4,424,0,31,14,1,0,0,0.0,0.0,0.0,0.0,0.0,0.0,0.0,0.0,12917.16,0,0.0,0.0,0
1,0,0,0,0,0,0,0,0,0,0,0,0,0,0,0,0,20554.57,28118.53,30083.27,26252.12,8,6,649,14,9,11,0,-1,1,515.1,0.0,0.0,0.0,0.0,0.0,0.0,11198.27,15053.85,1,10500.0,1.45,70
0,0,0,0,0,1,0,0,0,0,0,0,0,0,0,0,0,42527.66,14247.77,34813.59,30529.67,17,3,478,4,1,32,1,2,0,0.0,0.0,0.0,0.0,0.0,0.0,0.0,0.0,30529.67,0,0.0,0.0,0
0,0,0,0,0,0,0,0,0,1,0,0,0,0,0,0,0,6242.63,43274.14,32437.28,27318.02,10,0,548,27,29,51,1,0,0,0.0,0.0,0.0,0.0,0.0,0.0,0.0,0.0,27318.02,0,0.0,0.0,0
0,0,0,0,0,0,0,0,0,0,0,1,0,0,0,0,0,63722.62,54569.38,0.0,39430.67,10,3,589,33,3,5,1,0,0,0.0,0.0,0.0,0.0,0.0,0.0,0.0,0.0,39430.67,0,0.0,0.0,0
0,0,0,0,0,0,0,0,0,0,0,0,0,0,1,0,0,18477.05,21680.62,23969.33,21375.67,20,0,519,25,13,42,0,-1,2,269.34,208.13,0.0,0.0,0.0,0.0,0.0,10380.2,10995.47,1,5000.0,1.45,70
0,0,0,0,0,0,0,0,0,0,1,0,0,0,0,0,0,44949.03,8007.36,0.0,17652.13,7,1,451,5,17,17,1,0,1,278.79,0.0,0.0,0.0,0.0,0.0,0.0,6060.89,11591.24,0,0.0,0.0,0
0,1,0,0,0,0,0,0,0,0,0,0,0,0,0,0,0,0.0,13095.66,6200.49,6432.05,9,2,669,14,25,29,0,-1,7,79.97,56.13,32.9,34.66,37.05,23.37,23.81,6258.73,173.32,0,0.0,0.0,0
0,0,0,0,0,0,0,0,0,0,0,0,0,1,0,0,0,6639.65,8565.41,5624.6,6943.22,18,4,553,2,15,19,1,1,2,90.64,43.23,0.0,0.0,0.0,0.0,0.0,2910.33,4032.89,0,0.0,0.0,0
0,0,0,0,0,0,0,1,0,0,0,0,0,0,0,0,0,3619.04,2509.62,2318.71,2815.79,20,0,302,10,1,23,1,1,0,0.0,0.0,0.0,0.0,0.0,0.0,0.0,0.0,2815.79,0,0.0,0.0,0
0,0,0,0,0,0,1,0,0,0,0,0,0,0,0,0,0,7813.0,8566.31,8093.41,8157.57,16,7,461,6,22,32,1,3,0,0.0,0.0,0.0,0.0,0.0,0.0,0.0,0.0,8157.57,0,0.0,0.0,0
0,0,0,0,0,0,0,0,0,0,0,1,0,0,0,0,0,31140.64,16246.12,33008.75,26798.5,6,7,679,11,11,22,1,2,0,0.0,0.0,0.0,0.0,0.0,0.0,0.0,0.0,26798.5,0,0.0,0.0,0
0,0,0,0,0,0,0,0,1,0,0,0,0,0,0,0,0,10183.5,21315.6,0.0,10499.7,4,0,588,3,3,33,0,-1,3,164.76,77.52,73.15,0.0,0.0,0.0,0.0,6857.45,3642.25,0,0.0,0.0,0
0,0,1,0,0,0,0,0,0,0,0,0,0,0,0,0,0,20535.94,39247.41,19307.2,26363.52,9,0,683,30,32,41,1,4,0,0.0,0.0,0.0,0.0,0.0,0.0,0.0,0.0,26363.52,0,0.0,0.0,0
0,0,0,0,0,0,0,0,0,0,0,0,0,0,0,0,1,11137.5,11812.59,11415.47,11455.19,5,0,499,4,2,30,0,-1,1,237.82,0.0,0.0,0.0,0.0,0.0,0.0,5170.21,6284.98,1,5000.0,1.45,70
0,0,0,0,0,0,0,0,0,0,0,0,0,1,0,0,0,42204.66,36752.92,23534.24,34163.94,18,3,682,34,31,36,0,-1,5,523.65,372.19,159.08,200.35,136.34,0.0,0.0,30253.6,3910.34,1,4000.0,1.45,60
0,0,0,0,0,0,0,0,0,0,0,0,0,1,0,0,0,30368.09,25070.04,19801.28,25079.81,18,6,521,30,24,35,1,3,1,355.94,0.0,0.0,0.0,0.0,0.0,0.0,7738.14,17341.67,1,5000.0,1.45,60
0,0,0,0,0,0,0,0,0,0,1,0,0,0,0,0,0,21748.91,29384.5,15351.69,22161.7,5,0,356,6,8,18,1,2,0,0.0,0.0,0.0,0.0,0.0,0.0,0.0,0.0,22161.7,0,0.0,0.0,0
0,0,0,0,0,0,0,0,0,0,0,0,0,0,0,0,0,18978.83,21533.72,25984.44,22165.66,4,1,593,30,31,21,0,-1,4,360.69,216.8,112.06,108.74,0.0,0.0,0.0,17354.82,4810.84,1,4000.0,1.45,65
0,0,0,0,1,0,0,0,0,0,0,0,0,0,0,0,0,34026.49,16709.97,53109.05,34615.17,8,0,507,20,16,16,0,-1,1,549.42,0.0,0.0,0.0,0.0,0.0,0.0,11944.39,22670.78,1,8000.0,1.45,70
0,0,0,0,0,0,0,0,0,0,0,0,1,0,0,0,0,649.5,4698.26,6146.5,3831.42,7,0,633,20,24,20,0,-1,0,0.0,0.0,0.0,0.0,0.0,0.0,0.0,0.0,3831.42,0,0.0,0.0,0
0,0,0,0,0,1,0,0,0,0,0,0,0,0,0,0,0,1986.73,39598.06,57821.5,33135.43,16,0,561,10,23,19,0,-1,4,461.75,268.68,174.81,156.46,0.0,0.0,0.0,23081.36,10054.07,0,0.0,0.0,0
0,0,0,0,0,0,0,0,0,0,1,0,0,0,0,0,0,18683.05,34628.97,23167.26,25493.1,6,0,610,1,4,32,1,2,1,394.02,0.0,0.0,0.0,0.0,0.0,0.0,8565.99,16927.1,1,5000.0,1.45,60
0,0,0,0,0,0,0,0,0,0,1,0,0,0,0,0,0,9312.61,7659.12,8799.71,8590.48,7,4,480,7,25,21,1,1,1,153.17,0.0,0.0,0.0,0.0,0.0,0.0,3329.92,5260.57,0,0.0,0.0,0
0,0,1,0,0,0,0,0,0,0,0,0,0,0,0,0,0,5127.25,9542.32,17123.29,10597.62,8,0,487,15,2,17,0,-1,5,228.73,69.74,69.41,39.24,34.52,0.0,0.0,9601.25,996.36,0,0.0,0.0,0
0,0,0,0,0,0,0,0,1,0,0,0,0,0,0,0,0,14445.94,26393.69,27513.8,22784.48,5,0,641,5,1,46,1,0,0,0.0,0.0,0.0,0.0,0.0,0.0,0.0,0.0,22784.48,0,0.0,0.0,0
0,0,0,0,0,0,0,1,0,0,0,0,0,0,0,0,0,11511.49,15521.99,15901.81,14311.76,19,0,353,29,22,40,0,-1,1,226.95,0.0,0.0,0.0,0.0,0.0,0.0,4933.89,9377.87,1,5000.0,1.45,70
0,0,0,0,0,1,0,0,0,0,0,0,0,0,0,0,0,29780.58,3952.22,19141.16,17624.65,16,8,580,27,5,26,0,-1,2,215.13,130.98,0.0,0.0,0.0,0.0,0.0,7524.43,10100.22,0,0.0,0.0,0
0,0,0,0,0,0,0,0,0,0,1,0,0,0,0,0,0,14227.68,16683.39,13060.05,14657.04,8,1,684,28,23,32,0,-1,2,154.26,131.97,0.0,0.0,0.0,0.0,0.0,6222.64,8434.4,1,5000.0,1.45,70
0,0,0,0,0,0,0,0,0,1,0,0,0,0,0,0,0,9192.41,6963.71,9185.72,8447.28,12,0,456,8,28,37,1,0,0,0.0,0.0,0.0,0.0,0.0,0.0,0.0,0.0,8447.28,0,0.0,0.0,0
0,0,0,0,0,0,0,0,0,0,0,0,0,0,0,1,0,373.25,3728.3,12342.38,5481.31,8,0,630,26,1,33,1,3,0,0.0,0.0,0.0,0.0,0.0,0.0,0.0,0.0,5481.31,0,0.0,0.0,0
0,0,0,0,0,0,0,0,0,0,0,1,0,0,0,0,0,6771.52,4875.11,15353.19,8999.94,14,0,352,14,0,43,1,2,2,145.06,57.99,0.0,0.0,0.0,0.0,0.0,4414.31,4585.63,0,0.0,0.0,0
0,0,0,0,0,0,0,0,0,0,0,0,0,1,0,0,0,12637.34,62087.84,60532.16,45085.78,16,0,536,2,34,17,1,3,0,0.0,0.0,0.0,0.0,0.0,0.0,0.0,0.0,45085.78,0,0.0,0.0,0
0,0,0,0,1,0,0,0,0,0,0,0,0,0,0,0,0,44270.13,51796.74,55270.62,50445.83,8,0,457,28,18,30,1,1,2,803.82,467.58,0.0,0.0,0.0,0.0,0.0,27640.24,22805.59,1,10500.0,1.45,60
0,0,0,0,1,0,0,0,0,0,0,0,0,0,0,0,0,63417.47,21623.85,70011.19,51684.17,12,0,697,19,33,27,1,2,0,0.0,0.0,0.0,0.0,0.0,0.0,0.0,0.0,51684.17,0,0.0,0.0,0
0,0,0,0,0,0,1,0,0,0,0,0,0,0,0,0,0,4675.48,3805.73,6621.94,5034.38,16,0,379,34,30,29,1,2,0,0.0,0.0,0.0,0.0,0.0,0.0,0.0,0.0,5034.38,0,0.0,0.0,0
0,0,0,0,0,0,1,0,0,0,0,0,0,0,0,0,0,4239.3,26242.63,0.0,10160.65,18,0,623,27,1,29,0,-1,3,135.3,93.64,68.0,0.0,0.0,0.0,0.0,6455.48,3705.17,0,0.0,0.0,0
0,0,0,0,0,0,0,0,0,0,0,1,0,0,0,0,0,32698.35,34364.92,28633.74,31899.0,12,10,489,31,27,32,0,-1,7,587.91,356.69,193.49,155.65,169.76,117.65,108.2,36726.47,0.0,0,0.0,0.0,0
0,0,0,0,0,0,0,0,0,0,1,0,0,0,0,0,0,3917.25,16570.36,3920.37,8135.99,6,10,849,30,9,38,0,-1,1,116.25,0.0,0.0,0.0,0.0,0.0,0.0,2527.27,5608.72,0,0.0,0.0,0
0,0,0,0,0,0,0,0,0,0,0,0,0,0,0,0,1,4359.97,2488.82,6290.38,4379.72,5,0,822,0,7,40,1,1,0,0.0,0.0,0.0,0.0,0.0,0.0,0.0,0.0,4379.72,0,0.0,0.0,0
0,0,0,0,0,0,0,0,0,0,0,0,0,0,0,1,0,19259.23,19321.67,9252.12,15944.34,10,4,659,14,3,18,0,-1,6,190.41,113.19,113.04,70.15,94.83,52.07,0.0,13776.42,2167.92,0,0.0,0.0,0
0,0,0,0,0,0,0,0,0,1,0,0,0,0,0,0,0,17768.98,17719.32,16304.93,17264.41,12,6,681,30,9,32,1,0,1,330.98,0.0,0.0,0.0,0.0,0.0,0.0,7195.51,10068.9,0,0.0,0.0,0
0,0,0,0,0,0,0,0,0,1,0,0,0,0,0,0,0,3502.12,5247.51,33139.55,13963.06,11,3,610,12,32,39,1,0,0,0.0,0.0,0.0,0.0,0.0,0.0,0.0,0.0,13963.06,0,0.0,0.0,0
0,0,0,0,0,0,0,0,0,0,0,0,1,0,0,0,0,41738.49,27195.97,32012.72,33649.06,8,0,655,10,25,61,1,1,2,569.0,393.99,0.0,0.0,0.0,0.0,0.0,20935.4,12713.66,1,5000.0,1.45,70
0,0,0,0,1,0,0,0,0,0,0,0,0,0,0,0,0,2594.5,9103.67,8315.87,6671.35,13,0,675,25,27,15,1,1,2,84.16,50.64,0.0,0.0,0.0,0.0,0.0,2930.55,3740.79,0,0.0,0.0,0
0,0,1,0,0,0,0,0,0,0,0,0,0,0,0,0,0,10947.79,9828.04,7242.38,9339.41,7,4,470,32,12,27,0,-1,2,215.23,98.59,0.0,0.0,0.0,0.0,0.0,6822.45,2516.96,1,2000.0,1.45,60
0,0,0,0,0,0,0,0,0,1,0,0,0,0,0,0,0,75517.43,45418.26,47218.44,56051.37,11,3,540,1,20,29,1,3,1,881.99,0.0,0.0,0.0,0.0,0.0,0.0,19174.46,36876.91,1,11000.0,1.45,70
0,0,0,0,0,0,0,1,0,0,0,0,0,0,0,0,0,12543.88,12374.63,11907.99,12275.5,20,0,469,26,13,35,0,-1,5,203.48,100.74,104.21,83.4,62.12,0.0,0.0,12042.87,232.63,0,0.0,0.0,0
0,0,0,1,0,0,0,0,0,0,0,0,0,0,0,0,0,22871.73,8315.36,15872.65,15686.58,10,0,548,11,7,22,0,-1,0,0.0,0.0,0.0,0.0,0.0,0.0,0.0,0.0,15686.58,1,7000.0,1.45,75
0,1,0,0,0,0,0,0,0,0,0,0,0,0,0,0,0,26489.99,18235.41,6665.06,17130.15,6,7,517,20,31,29,0,-1,2,234.33,120.83,0.0,0.0,0.0,0.0,0.0,7721.18,9408.98,1,5000.0,1.45,70
0,0,0,0,0,0,0,1,0,0,0,0,0,0,0,0,0,36914.41,30931.38,20880.03,29575.27,20,9,592,14,11,45,0,-1,4,347.44,392.84,228.73,167.17,0.0,0.0,0.0,24700.55,4874.72,0,0.0,0.0,0
0,0,0,0,0,0,0,0,0,0,0,0,0,1,0,0,0,26321.03,28163.9,21913.19,25466.04,17,15,516,17,16,41,1,0,0,0.0,0.0,0.0,0.0,0.0,0.0,0.0,0.0,25466.04,0,0.0,0.0,0
0,0,0,1,0,0,0,0,0,0,0,0,0,0,0,0,0,7180.49,0.0,7098.36,4759.62,13,0,452,13,23,40,1,1,0,0.0,0.0,0.0,0.0,0.0,0.0,0.0,0.0,4759.62,0,0.0,0.0,0
0,0,0,0,0,0,0,1,0,0,0,0,0,0,0,0,0,3661.25,2380.01,2362.41,2801.22,19,3,620,10,16,33,0,-1,0,0.0,0.0,0.0,0.0,0.0,0.0,0.0,0.0,2801.22,0,0.0,0.0,0
0,0,0,0,0,0,0,0,0,0,1,0,0,0,0,0,0,15711.55,0.0,23920.29,13210.61,7,3,455,25,19,37,0,-1,4,250.23,93.44,98.08,62.58,0.0,0.0,0.0,10964.13,2246.48,0,0.0,0.0,0
0,0,0,0,0,0,0,0,0,0,0,0,1,0,0,0,0,15326.73,11108.73,18460.78,14965.41,8,0,509,31,28,28,0,-1,0,0.0,0.0,0.0,0.0,0.0,0.0,0.0,0.0,14965.41,1,7000.0,1.45,70
0,0,0,0,0,0,0,0,0,0,0,0,1,0,0,0,0,15287.14,16045.4,0.0,10444.18,7,8,698,3,23,35,0,-1,0,0.0,0.0,0.0,0.0,0.0,0.0,0.0,0.0,10444.18,0,0.0,0.0,0
0,0,0,0,0,0,0,1,0,0,0,0,0,0,0,0,0,4033.62,3694.12,4080.42,3936.05,19,0,516,25,32,31,0,-1,1,60.6,0.0,0.0,0.0,0.0,0.0,0.0,1317.44,2618.61,0,0.0,0.0,0
0,1,0,0,0,0,0,0,0,0,0,0,0,0,0,0,0,24804.36,22577.01,70473.26,39284.87,6,0,656,15,16,35,1,2,0,0.0,0.0,0.0,0.0,0.0,0.0,0.0,0.0,39284.87,0,0.0,0.0,0
0,0,0,0,0,0,0,1,0,0,0,0,0,0,0,0,0,47602.69,44522.09,37751.55,43292.11,20,1,460,4,24,19,0,-1,2,694.96,507.2,0.0,0.0,0.0,0.0,0.0,26134.96,17157.15,1,12000.0,1.45,70
0,0,0,0,0,0,1,0,0,0,0,0,0,0,0,0,0,8943.4,9585.83,11597.83,10042.35,17,15,500,32,23,26,1,3,1,205.82,0.0,0.0,0.0,0.0,0.0,0.0,4474.53,5567.83,1,2000.0,1.45,50
0,0,0,0,0,0,0,0,0,1,0,0,0,0,0,0,0,13583.13,15980.57,17563.77,15709.16,14,2,692,27,13,26,1,2,0,0.0,0.0,0.0,0.0,0.0,0.0,0.0,0.0,15709.16,0,0.0,0.0,0
0,0,0,0,0,0,0,1,0,0,0,0,0,0,0,0,0,0.0,2949.41,13819.58,5589.67,18,10,482,27,7,39,0,-1,2,73.3,49.48,0.0,0.0,0.0,0.0,0.0,2669.24,2920.43,0,0.0,0.0,0
0,0,0,0,0,0,0,1,0,0,0,0,0,0,0,0,0,9446.98,6799.43,41171.15,19139.19,18,4,570,1,11,28,1,0,0,0.0,0.0,0.0,0.0,0.0,0.0,0.0,0.0,19139.19,0,0.0,0.0,0
0,0,0,1,0,0,0,0,0,0,0,0,0,0,0,0,0,22893.77,45256.16,28502.86,32217.6,12,0,452,19,5,41,0,-1,1,493.83,0.0,0.0,0.0,0.0,0.0,0.0,10735.86,21481.73,1,20000.0,1.45,100
0,0,0,0,0,0,0,0,0,0,1,0,0,0,0,0,0,20826.98,33144.61,15076.71,23016.1,6,0,464,8,28,33,1,0,0,0.0,0.0,0.0,0.0,0.0,0.0,0.0,0.0,23016.1,0,0.0,0.0,0
0,0,0,0,0,0,1,0,0,0,0,0,0,0,0,0,0,40429.06,17401.95,33555.86,30462.29,18,2,647,18,18,36,1,0,2,338.72,223.34,0.0,0.0,0.0,0.0,0.0,12219.18,18243.1,1,5000.0,1.45,70
1,0,0,0,0,0,0,0,0,0,0,0,0,0,0,0,0,26955.21,5832.58,26987.08,19924.96,6,7,568,21,31,44,0,-1,1,340.95,0.0,0.0,0.0,0.0,0.0,0.0,7412.25,12512.71,1,7000.0,1.45,70
0,0,0,0,0,0,0,0,0,0,0,0,0,0,0,0,1,0.0,19937.13,12109.28,10682.14,5,0,400,9,23,23,1,2,0,0.0,0.0,0.0,0.0,0.0,0.0,0.0,0.0,10682.14,0,0.0,0.0,0
0,0,0,0,0,0,0,0,0,0,0,1,0,0,0,0,0,39189.9,0.0,21737.91,20309.27,11,7,715,19,4,32,1,4,0,0.0,0.0,0.0,0.0,0.0,0.0,0.0,0.0,20309.27,0,0.0,0.0,0
1,0,0,0,0,0,0,0,0,0,0,0,0,0,0,0,0,26579.05,31007.43,27300.28,28295.59,5,0,489,21,7,23,1,1,0,0.0,0.0,0.0,0.0,0.0,0.0,0.0,0.0,28295.59,0,0.0,0.0,0
0,0,0,0,0,0,1,0,0,0,0,0,0,0,0,0,0,11643.08,31440.41,0.0,14361.16,18,0,568,32,22,24,1,1,1,210.55,0.0,0.0,0.0,0.0,0.0,0.0,4577.36,9783.8,0,0.0,0.0,0
0,0,0,0,0,0,0,1,0,0,0,0,0,0,0,0,0,17019.29,7974.65,50074.52,25022.82,19,2,477,26,21,53,1,3,1,423.5,0.0,0.0,0.0,0.0,0.0,0.0,9206.89,15815.93,1,5000.0,1.45,60
0,0,0,0,0,0,0,0,0,0,0,0,0,1,0,0,0,9449.78,20596.21,5312.31,11786.1,19,1,643,19,12,15,0,-1,0,0.0,0.0,0.0,0.0,0.0,0.0,0.0,0.0,11786.1,1,3000.0,1.45,60
0,0,0,0,0,0,0,0,0,0,1,0,0,0,0,0,0,4960.3,18676.73,22768.44,15468.49,6,9,540,18,4,45,0,-1,3,242.74,133.07,97.85,0.0,0.0,0.0,0.0,10297.37,5171.12,0,0.0,0.0,0
0,0,0,0,1,0,0,0,0,0,0,0,0,0,0,0,0,8388.64,10575.6,13433.51,10799.25,11,8,522,27,12,32,1,2,0,0.0,0.0,0.0,0.0,0.0,0.0,0.0,0.0,10799.25,0,0.0,0.0,0
0,0,0,0,0,0,0,0,0,0,0,0,0,0,1,0,0,39149.7,41850.76,28928.69,36643.05,19,0,408,27,15,24,1,2,0,0.0,0.0,0.0,0.0,0.0,0.0,0.0,0.0,36643.05,0,0.0,0.0,0
0,0,0,0,0,0,0,0,0,0,0,0,0,0,0,0,1,0.0,72463.54,32485.48,34983.0,5,0,615,7,13,18,0,-1,6,584.28,260.96,215.15,176.2,161.57,99.82,0.0,32566.09,2416.92,0,0.0,0.0,0
0,0,0,0,0,0,0,1,0,0,0,0,0,0,0,0,0,33776.95,23992.2,57630.97,38466.71,19,0,495,15,8,50,0,-1,1,623.83,0.0,0.0,0.0,0.0,0.0,0.0,13562.06,24904.64,1,25000.0,1.45,110
0,0,0,0,0,0,0,1,0,0,0,0,0,0,0,0,0,26214.0,22018.56,23659.89,23964.15,19,4,315,14,19,30,1,1,0,0.0,0.0,0.0,0.0,0.0,0.0,0.0,0.0,23964.15,0,0.0,0.0,0
0,0,0,0,0,0,0,0,0,0,0,0,0,0,0,0,1,15319.4,6222.89,6777.53,9439.94,3,0,651,17,4,38,1,2,1,130.71,0.0,0.0,0.0,0.0,0.0,0.0,2841.64,6598.3,0,0.0,0.0,0
0,0,0,0,0,0,0,1,0,0,0,0,0,0,0,0,0,6911.47,4841.79,3954.11,5235.79,20,6,516,17,24,27,1,2,0,0.0,0.0,0.0,0.0,0.0,0.0,0.0,0.0,5235.79,0,0.0,0.0,0
0,0,0,0,0,0,0,0,0,0,0,0,0,0,0,0,0,4763.96,3723.47,4323.41,4270.28,6,0,543,17,24,33,0,-1,0,0.0,0.0,0.0,0.0,0.0,0.0,0.0,0.0,4270.28,1,2000.0,1.45,60
0,0,0,1,0,0,0,0,0,0,0,0,0,0,0,0,0,17999.79,16076.46,14524.4,16200.22,11,0,641,12,2,23,1,3,0,0.0,0.0,0.0,0.0,0.0,0.0,0.0,0.0,16200.22,0,0.0,0.0,0
0,0,0,0,0,0,0,0,0,0,0,0,0,0,0,0,1,50574.05,13303.85,9506.9,24461.6,5,0,715,20,32,30,1,3,0,0.0,0.0,0.0,0.0,0.0,0.0,0.0,0.0,24461.6,0,0.0,0.0,0
0,0,0,0,0,0,0,0,0,0,0,0,0,1,0,0,0,28217.91,17235.5,23481.63,22978.35,19,0,561,2,33,32,1,2,0,0.0,0.0,0.0,0.0,0.0,0.0,0.0,0.0,22978.35,0,0.0,0.0,0
0,0,0,0,0,1,0,0,0,0,0,0,0,0,0,0,0,2324.32,0.0,11473.93,4599.42,18,0,694,11,0,25,1,3,0,0.0,0.0,0.0,0.0,0.0,0.0,0.0,0.0,4599.42,0,0.0,0.0,0
0,0,0,0,0,0,0,0,0,0,0,0,0,0,0,1,0,37974.22,35951.48,30063.12,34662.94,11,2,495,0,23,19,1,0,0,0.0,0.0,0.0,0.0,0.0,0.0,0.0,0.0,34662.94,0,0.0,0.0,0
0,0,0,0,0,0,0,0,0,0,0,0,0,1,0,0,0,2531.64,0.0,2235.06,1588.9,20,0,601,26,13,20,1,2,1,31.15,0.0,0.0,0.0,0.0,0.0,0.0,677.2,911.7,0,0.0,0.0,0
0,1,0,0,0,0,0,0,0,0,0,0,0,0,0,0,0,15745.02,13129.41,8368.74,12414.39,3,0,515,34,18,35,1,3,0,0.0,0.0,0.0,0.0,0.0,0.0,0.0,0.0,12414.39,0,0.0,0.0,0
0,0,0,0,0,0,0,0,0,0,1,0,0,0,0,0,0,18621.25,14125.56,14684.49,15810.44,6,5,535,12,24,23,1,2,0,0.0,0.0,0.0,0.0,0.0,0.0,0.0,0.0,15810.44,0,0.0,0.0,0
0,0,0,0,0,0,0,0,1,0,0,0,0,0,0,0,0,27893.2,27896.09,34564.2,30117.83,8,1,547,7,23,34,1,0,0,0.0,0.0,0.0,0.0,0.0,0.0,0.0,0.0,30117.83,0,0.0,0.0,0
0,0,0,0,0,0,0,0,0,0,0,0,0,0,0,0,0,67003.99,9628.95,83333.86,53322.27,8,1,483,7,28,24,0,-1,3,848.08,595.52,270.3,0.0,0.0,0.0,0.0,37260.19,16062.08,1,7000.0,1.45,70
0,0,0,0,0,0,1,0,0,0,0,0,0,0,0,0,0,8165.25,6997.63,6014.65,7059.17,16,0,592,15,5,48,0,-1,4,119.25,42.03,32.17,37.15,0.0,0.0,0.0,5013.24,2045.93,0,0.0,0.0,0
0,0,0,0,0,0,0,0,0,0,0,0,0,0,1,0,0,2538.69,1289.49,1621.97,1816.71,14,5,663,17,12,40,1,2,0,0.0,0.0,0.0,0.0,0.0,0.0,0.0,0.0,1816.71,0,0.0,0.0,0
0,0,0,0,1,0,0,0,0,0,0,0,0,0,0,0,0,42049.71,53338.44,26332.18,40573.44,7,2,518,24,6,22,0,-1,3,634.27,302.67,254.57,0.0,0.0,0.0,0.0,25903.43,14670.01,1,6000.0,1.45,70
0,0,0,0,0,0,0,0,0,0,0,0,0,1,0,0,0,12414.07,20124.03,7555.63,13364.58,15,3,717,15,7,34,1,0,1,180.69,0.0,0.0,0.0,0.0,0.0,0.0,3928.2,9436.38,1,3000.0,1.45,60
0,0,0,0,0,0,0,0,0,0,0,0,0,0,0,1,0,9196.99,5228.55,6280.7,6902.08,7,5,525,19,8,56,0,-1,3,103.19,50.15,49.58,0.0,0.0,0.0,0.0,4411.48,2490.6,0,0.0,0.0,0
0,0,1,0,0,0,0,0,0,0,0,0,0,0,0,0,0,0.0,37089.35,58241.96,31777.1,10,4,780,13,32,47,1,0,1,421.0,0.0,0.0,0.0,0.0,0.0,0.0,9152.54,22624.56,0,0.0,0.0,0
0,0,0,0,0,0,0,1,0,0,0,0,0,0,0,0,0,35944.1,30559.28,17801.15,28101.51,20,0,599,21,25,27,1,3,0,0.0,0.0,0.0,0.0,0.0,0.0,0.0,0.0,28101.51,0,0.0,0.0,0
0,0,0,0,1,0,0,0,0,0,0,0,0,0,0,0,0,2591.27,2345.81,3912.99,2950.02,9,7,485,1,2,23,1,3,0,0.0,0.0,0.0,0.0,0.0,0.0,0.0,0.0,2950.02,0,0.0,0.0,0
0,0,0,0,0,0,0,0,0,0,0,0,0,0,0,0,1,32727.33,10610.67,53705.22,32347.74,4,11,456,31,16,25,0,-1,1,560.18,0.0,0.0,0.0,0.0,0.0,0.0,12178.31,20169.43,1,7000.0,1.45,70
0,0,0,0,0,0,0,0,0,0,0,0,1,0,0,0,0,17636.06,22338.88,9862.52,16612.49,8,0,664,30,3,18,0,-1,2,198.64,199.82,0.0,0.0,0.0,0.0,0.0,8662.52,7949.97,1,4500.0,1.45,60
0,0,0,0,0,0,0,0,1,0,0,0,0,0,0,0,0,38853.9,50864.62,16304.14,35340.89,8,0,487,16,6,24,1,1,0,0.0,0.0,0.0,0.0,0.0,0.0,0.0,0.0,35340.89,0,0.0,0.0,0
0,0,0,0,0,0,0,0,0,0,0,0,0,1,0,0,0,5992.56,1325.77,6992.73,4770.35,18,8,637,9,1,27,0,-1,0,0.0,0.0,0.0,0.0,0.0,0.0,0.0,0.0,4770.35,0,0.0,0.0,0
0,0,0,0,0,0,0,0,0,0,0,1,0,0,0,0,0,6675.72,19763.64,10877.96,12439.11,14,0,683,27,7,34,1,1,0,0.0,0.0,0.0,0.0,0.0,0.0,0.0,0.0,12439.11,0,0.0,0.0,0
0,0,0,0,0,0,0,0,0,0,0,0,0,0,1,0,0,38997.66,23240.2,49178.29,37138.72,15,0,495,28,31,7,0,-1,1,551.28,0.0,0.0,0.0,0.0,0.0,0.0,11984.83,25153.89,1,12000.0,1.45,70
0,0,0,0,0,0,0,0,0,0,0,0,0,0,0,1,0,22375.93,3687.06,6661.22,10908.07,9,0,452,19,13,17,0,-1,6,207.91,101.27,63.24,62.24,54.99,27.08,0.0,11233.71,0.0,0,0.0,0.0,0
0,0,0,0,0,0,0,0,0,0,0,0,0,1,0,0,0,1941.18,9953.51,7843.32,6579.34,18,4,453,28,7,43,0,-1,4,150.32,56.8,35.44,34.05,0.0,0.0,0.0,6013.5,565.84,0,0.0,0.0,0
0,0,1,0,0,0,0,0,0,0,0,0,0,0,0,0,0,0.0,0.0,8926.16,2975.39,9,4,709,20,33,15,1,2,0,0.0,0.0,0.0,0.0,0.0,0.0,0.0,0.0,2975.39,0,0.0,0.0,0
0,0,0,0,0,0,0,0,1,0,0,0,0,0,0,0,0,69931.02,17220.38,69356.17,52169.19,8,9,472,24,7,21,0,-1,4,809.82,544.06,387.3,322.08,0.0,0.0,0.0,44855.27,7313.92,1,5000.0,1.45,70
0,0,0,0,0,1,0,0,0,0,0,0,0,0,0,0,0,18460.03,14439.9,8116.7,13672.21,19,18,608,21,23,33,0,-1,0,0.0,0.0,0.0,0.0,0.0,0.0,0.0,0.0,13672.21,1,5000.0,1.45,100
0,0,0,0,0,0,0,0,0,0,0,0,0,0,0,0,1,8064.43,6140.04,7323.26,7175.91,4,15,601,20,32,21,1,1,0,0.0,0.0,0.0,0.0,0.0,0.0,0.0,0.0,7175.91,0,0.0,0.0,0
0,0,0,1,0,0,0,0,0,0,0,0,0,0,0,0,0,5160.4,3045.74,5433.06,4546.4,11,7,350,15,9,30,0,-1,1,44.98,0.0,0.0,0.0,0.0,0.0,0.0,977.87,3568.53,1,2500.0,1.45,60
0,0,0,0,0,0,0,1,0,0,0,0,0,0,0,0,0,0.0,38252.05,18760.81,19004.28,20,5,468,0,19,35,0,-1,1,313.37,0.0,0.0,0.0,0.0,0.0,0.0,6812.66,12191.62,0,0.0,0.0,0
0,0,0,0,0,0,0,0,0,0,0,0,0,1,0,0,0,9050.05,9102.88,3071.02,7074.65,19,0,537,33,32,11,0,-1,3,98.13,96.24,34.99,0.0,0.0,0.0,0.0,4986.29,2088.36,1,2000.0,1.45,60
0,0,0,0,0,0,0,0,1,0,0,0,0,0,0,0,0,1717.32,1524.4,3952.84,2398.19,6,0,544,9,0,24,1,2,2,35.15,23.56,0.0,0.0,0.0,0.0,0.0,1276.36,1121.83,0,0.0,0.0,0
0,0,0,0,0,0,0,0,0,1,0,0,0,0,0,0,0,37607.85,48025.01,38344.04,41325.63,12,0,607,18,17,36,0,-1,5,535.91,369.56,298.42,204.18,139.78,0.0,0.0,33650.26,7675.38,1,4500.0,1.45,50
0,0,1,0,0,0,0,0,0,0,0,0,0,0,0,0,0,18900.93,11183.6,10057.58,13380.7,10,2,847,11,8,35,1,2,0,0.0,0.0,0.0,0.0,0.0,0.0,0.0,0.0,13380.7,0,0.0,0.0,0
0,1,0,0,0,0,0,0,0,0,0,0,0,0,0,0,0,9890.82,20305.65,42930.42,24375.63,5,0,401,14,23,34,1,2,0,0.0,0.0,0.0,0.0,0.0,0.0,0.0,0.0,24375.63,0,0.0,0.0,0
0,0,0,0,0,0,0,0,0,0,1,0,0,0,0,0,0,16767.78,25617.3,39382.19,27255.76,9,6,470,20,30,41,1,2,0,0.0,0.0,0.0,0.0,0.0,0.0,0.0,0.0,27255.76,0,0.0,0.0,0
0,0,0,1,0,0,0,0,0,0,0,0,0,0,0,0,0,19012.4,10349.57,12481.51,13947.83,12,0,693,3,24,48,0,-1,4,232.62,118.94,94.63,50.18,0.0,0.0,0.0,10791.08,3156.74,1,3000.0,1.45,60
0,0,0,0,0,0,0,0,0,0,0,1,0,0,0,0,0,15896.45,7340.33,29446.84,17561.2,8,0,650,10,8,23,0,-1,4,244.2,159.17,92.48,85.86,0.0,0.0,0.0,12646.38,4914.83,0,0.0,0.0,0
0,1,0,0,0,0,0,0,0,0,0,0,0,0,0,0,0,51951.2,49575.5,44688.63,48738.44,7,0,512,16,0,31,0,-1,3,715.45,602.2,299.41,0.0,0.0,0.0,0.0,35154.88,13583.55,1,8000.0,1.45,70
0,0,0,0,0,0,0,0,0,1,0,0,0,0,0,0,0,16265.69,15297.37,4452.7,12005.26,11,0,668,31,15,18,0,-1,3,221.1,133.48,77.51,0.0,0.0,0.0,0.0,9393.64,2611.62,1,3000.0,1.45,60
0,0,0,0,0,0,0,0,0,0,0,0,0,0,0,0,0,29713.46,24027.23,19566.17,24435.62,7,6,519,24,7,32,1,3,0,0.0,0.0,0.0,0.0,0.0,0.0,0.0,0.0,24435.62,0,0.0,0.0,0
0,0,0,0,0,0,0,0,0,0,0,0,0,0,1,0,0,14560.55,13294.16,11818.23,13224.32,15,0,639,16,18,29,0,-1,6,111.49,107.7,38.55,103.12,56.78,65.42,0.0,10501.72,2722.59,0,0.0,0.0,0
0,0,0,0,0,0,0,0,1,0,0,0,0,0,0,0,0,3709.31,3319.44,3170.56,3399.77,6,0,645,5,31,29,1,0,0,0.0,0.0,0.0,0.0,0.0,0.0,0.0,0.0,3399.77,0,0.0,0.0,0
0,0,0,0,0,0,0,0,0,0,0,0,0,0,0,0,1,16698.71,16855.6,19921.66,17825.33,4,0,531,17,26,27,0,-1,0,0.0,0.0,0.0,0.0,0.0,0.0,0.0,0.0,17825.33,1,7000.0,1.45,70
0,0,0,0,0,0,0,0,0,0,0,0,0,1,0,0,0,47933.5,24522.99,45710.52,39389.0,17,0,519,17,33,20,0,-1,3,525.15,378.13,200.19,0.0,0.0,0.0,0.0,23989.44,15399.56,1,10500.0,1.45,90
0,0,0,0,0,1,0,0,0,0,0,0,0,0,0,0,0,29390.93,32245.43,27439.09,29691.82,18,12,528,26,24,16,1,1,0,0.0,0.0,0.0,0.0,0.0,0.0,0.0,0.0,29691.82,0,0.0,0.0,0
0,0,0,1,0,0,0,0,0,0,0,0,0,0,0,0,0,31894.47,0.0,14635.51,15509.99,10,0,526,21,19,22,1,0,0,0.0,0.0,0.0,0.0,0.0,0.0,0.0,0.0,15509.99,0,0.0,0.0,0
0,0,0,0,0,0,0,0,0,0,0,0,1,0,0,0,0,18929.46,5912.92,15153.6,13331.99,5,0,634,16,25,21,0,-1,2,238.69,144.38,0.0,0.0,0.0,0.0,0.0,8327.94,5004.05,1,4000.0,1.45,60
0,0,0,0,0,0,0,0,0,0,0,0,0,0,1,0,0,2505.73,491.59,2851.41,1949.58,13,0,523,14,12,33,1,0,0,0.0,0.0,0.0,0.0,0.0,0.0,0.0,0.0,1949.58,0,0.0,0.0,0
0,0,0,0,0,0,0,0,0,0,0,0,0,0,0,0,0,0.0,0.0,5635.15,1878.38,7,2,458,30,8,44,0,-1,0,0.0,0.0,0.0,0.0,0.0,0.0,0.0,0.0,1878.38,0,0.0,0.0,0
1,0,0,0,0,0,0,0,0,0,0,0,0,0,0,0,0,8609.42,10779.17,11628.02,10338.87,4,0,663,20,5,34,0,-1,3,142.64,57.75,55.58,0.0,0.0,0.0,0.0,5564.79,4774.08,0,0.0,0.0,0
0,0,0,1,0,0,0,0,0,0,0,0,0,0,0,0,0,11710.28,13651.24,11522.83,12294.78,11,0,480,29,0,20,1,0,0,0.0,0.0,0.0,0.0,0.0,0.0,0.0,0.0,12294.78,0,0.0,0.0,0
0,0,0,0,0,0,1,0,0,0,0,0,0,0,0,0,0,4942.09,6360.91,6582.3,5961.77,19,0,495,26,7,35,0,-1,5,109.59,77.72,34.59,26.35,26.57,0.0,0.0,5974.59,0.0,0,0.0,0.0,0
0,0,0,1,0,0,0,0,0,0,0,0,0,0,0,0,0,4279.51,0.0,8763.8,4347.77,12,3,484,8,27,33,1,2,0,0.0,0.0,0.0,0.0,0.0,0.0,0.0,0.0,4347.77,0,0.0,0.0,0
0,0,0,0,0,0,0,0,0,0,0,0,0,0,0,0,0,23961.65,23782.89,17854.42,21866.32,9,9,508,10,27,21,0,-1,0,0.0,0.0,0.0,0.0,0.0,0.0,0.0,0.0,21866.32,1,11000.0,1.45,100
0,0,0,0,0,0,0,0,1,0,0,0,0,0,0,0,0,27570.33,17715.21,20818.95,22034.83,6,15,497,0,4,19,0,-1,2,358.2,205.81,0.0,0.0,0.0,0.0,0.0,12261.58,9773.25,1,5000.0,1.45,70
0,0,1,0,0,0,0,0,0,0,0,0,0,0,0,0,0,23141.62,23287.66,35146.62,27191.97,9,1,684,30,2,37,1,0,0,0.0,0.0,0.0,0.0,0.0,0.0,0.0,0.0,27191.97,0,0.0,0.0,0
0,1,0,0,0,0,0,0,0,0,0,0,0,0,0,0,0,31502.09,38652.41,42837.43,37663.97,4,10,369,30,24,41,0,-1,4,701.04,248.94,289.39,213.61,0.0,0.0,0.0,31587.79,6076.19,1,4000.0,1.45,60
0,0,0,0,0,0,0,0,1,0,0,0,0,0,0,0,0,22135.17,18990.37,23534.22,21553.25,7,13,698,31,25,42,0,-1,3,400.12,228.16,164.1,0.0,0.0,0.0,0.0,17226.34,4326.91,1,5000.0,1.45,70
0,0,0,0,0,0,0,0,0,0,0,0,0,0,0,0,1,24622.68,658.74,17179.02,14153.48,6,6,465,20,15,28,1,3,0,0.0,0.0,0.0,0.0,0.0,0.0,0.0,0.0,14153.48,0,0.0,0.0,0
1,0,0,0,0,0,0,0,0,0,0,0,0,0,0,0,0,16718.75,50708.5,0.0,22475.75,7,0,654,20,23,30,1,1,0,0.0,0.0,0.0,0.0,0.0,0.0,0.0,0.0,22475.75,0,0.0,0.0,0
0,0,0,0,0,0,0,0,0,0,0,0,1,0,0,0,0,4325.16,4705.29,3218.41,4082.95,7,5,605,19,9,47,0,-1,1,63.66,0.0,0.0,0.0,0.0,0.0,0.0,1383.97,2698.98,1,2000.0,1.45,60
0,0,0,0,0,0,0,0,0,0,0,0,1,0,0,0,0,1757.12,3000.88,1074.59,1944.2,8,16,679,22,12,25,1,2,1,39.87,0.0,0.0,0.0,0.0,0.0,0.0,866.77,1077.42,0,0.0,0.0,0
0,0,0,0,0,0,0,0,0,0,0,0,0,0,1,0,0,2941.55,23736.73,7188.61,11288.96,17,0,646,32,26,35,0,-1,3,142.65,111.76,56.59,0.0,0.0,0.0,0.0,6761.14,4527.82,0,0.0,0.0,0
0,0,0,0,0,0,0,0,0,0,0,0,0,0,0,1,0,16230.98,27196.78,31045.51,24824.42,9,0,506,6,3,23,1,1,1,283.6,0.0,0.0,0.0,0.0,0.0,0.0,6165.46,18658.96,1,4000.0,1.45,60
0,1,0,0,0,0,0,0,0,0,0,0,0,0,0,0,0,6746.84,1148.2,2951.63,3615.55,5,9,583,7,20,21,0,-1,1,54.37,0.0,0.0,0.0,0.0,0.0,0.0,1182.0,2433.55,0,0.0,0.0,0
0,0,0,0,0,0,0,1,0,0,0,0,0,0,0,0,0,4910.59,1881.79,12326.66,6373.02,19,13,652,8,18,50,1,1,1,84.75,0.0,0.0,0.0,0.0,0.0,0.0,1842.46,4530.55,0,0.0,0.0,0
0,0,0,0,1,0,0,0,0,0,0,0,0,0,0,0,0,53682.84,49551.13,9978.36,37737.44,11,0,646,33,3,36,0,-1,0,0.0,0.0,0.0,0.0,0.0,0.0,0.0,0.0,37737.44,1,12000.0,1.45,90
0,0,0,0,0,1,0,0,0,0,0,0,0,0,0,0,0,13244.21,35174.8,28.5,16149.17,17,0,543,31,20,43,0,-1,6,195.37,173.12,102.77,79.08,60.91,53.07,0.0,14442.32,1706.85,0,0.0,0.0,0
0,1,0,0,0,0,0,0,0,0,0,0,0,0,0,0,0,11169.67,20782.13,36136.0,22695.93,4,7,473,12,18,25,1,3,0,0.0,0.0,0.0,0.0,0.0,0.0,0.0,0.0,22695.93,0,0.0,0.0,0
0,0,0,0,1,0,0,0,0,0,0,0,0,0,0,0,0,11543.96,14484.17,18360.99,14796.37,14,0,489,3,34,37,1,2,1,231.02,0.0,0.0,0.0,0.0,0.0,0.0,5022.37,9774.0,0,0.0,0.0,0
0,0,1,0,0,0,0,0,0,0,0,0,0,0,0,0,0,18684.05,4220.39,991.5,7965.31,11,0,544,14,28,15,0,-1,5,128.92,65.68,63.99,24.13,44.45,0.0,0.0,7112.68,852.64,0,0.0,0.0,0
0,0,0,0,0,0,1,0,0,0,0,0,0,0,0,0,0,23706.11,22223.87,33965.66,26631.88,17,14,613,7,31,19,1,2,1,517.57,0.0,0.0,0.0,0.0,0.0,0.0,11251.97,15379.91,1,5000.0,1.45,70
0,0,1,0,0,0,0,0,0,0,0,0,0,0,0,0,0,1489.61,735.41,1000.49,1075.17,9,4,456,14,11,37,1,1,0,0.0,0.0,0.0,0.0,0.0,0.0,0.0,0.0,1075.17,0,0.0,0.0,0
1,0,0,0,0,0,0,0,0,0,0,0,0,0,0,0,0,4544.51,5005.21,7266.62,5605.44,5,0,500,23,10,38,1,0,0,0.0,0.0,0.0,0.0,0.0,0.0,0.0,0.0,5605.44,0,0.0,0.0,0
0,0,0,0,0,0,0,0,1,0,0,0,0,0,0,0,0,4144.09,51440.62,25838.43,27141.05,6,9,553,3,34,30,0,-1,6,350.39,187.59,141.07,121.76,105.77,96.5,0.0,21806.96,5334.09,0,0.0,0.0,0
0,0,0,0,0,1,0,0,0,0,0,0,0,0,0,0,0,31132.62,32781.47,24225.41,29379.83,18,0,596,16,28,33,0,-1,0,0.0,0.0,0.0,0.0,0.0,0.0,0.0,0.0,29379.83,1,11000.0,1.45,90
0,0,0,0,0,0,0,0,0,0,0,0,0,0,0,0,0,13710.53,10988.37,14834.49,13177.8,7,0,468,16,25,29,0,-1,4,187.7,124.59,105.62,70.25,0.0,0.0,0.0,10612.6,2565.2,1,3000.0,1.45,70
0,0,0,0,0,0,0,0,0,0,0,0,0,0,0,0,1,25192.62,34571.88,11336.18,23700.23,5,0,500,10,15,45,0,-1,2,496.59,222.92,0.0,0.0,0.0,0.0,0.0,15642.15,8058.08,1,5000.0,1.45,70
0,0,0,0,0,0,0,0,0,0,1,0,0,0,0,0,0,13305.88,31069.1,22842.35,22405.77,7,12,536,32,0,8,1,0,0,0.0,0.0,0.0,0.0,0.0,0.0,0.0,0.0,22405.77,0,0.0,0.0,0
0,0,0,0,0,1,0,0,0,0,0,0,0,0,0,0,0,13672.96,10995.15,26214.71,16960.94,18,4,494,26,32,39,0,-1,0,0.0,0.0,0.0,0.0,0.0,0.0,0.0,0.0,16960.94,1,5000.0,1.45,70
0,0,0,0,0,0,0,0,1,0,0,0,0,0,0,0,0,8935.71,9371.33,9604.26,9303.77,4,11,560,23,14,34,0,-1,3,178.95,78.02,75.66,0.0,0.0,0.0,0.0,7231.38,2072.39,1,2000.0,1.45,60
0,0,0,0,0,0,1,0,0,0,0,0,0,0,0,0,0,19923.45,21348.75,21454.65,20908.95,17,0,512,31,6,39,1,1,0,0.0,0.0,0.0,0.0,0.0,0.0,0.0,0.0,20908.95,0,0.0,0.0,0
0,0,0,0,0,0,0,0,0,0,0,1,0,0,0,0,0,16026.33,8247.12,10056.66,11443.37,14,8,613,13,5,22,0,-1,1,188.05,0.0,0.0,0.0,0.0,0.0,0.0,4088.21,7355.16,1,6000.0,1.45,70
0,0,0,0,0,0,0,0,0,0,0,0,0,0,0,0,1,6921.54,13205.53,0.0,6709.02,4,0,610,0,13,20,1,2,1,91.55,0.0,0.0,0.0,0.0,0.0,0.0,1990.3,4718.73,0,0.0,0.0,0
0,0,0,0,0,0,0,0,0,0,0,0,0,0,0,1,0,2651.18,11144.36,15245.66,9680.4,8,0,464,5,17,26,1,0,0,0.0,0.0,0.0,0.0,0.0,0.0,0.0,0.0,9680.4,0,0.0,0.0,0
0,0,0,1,0,0,0,0,0,0,0,0,0,0,0,0,0,19372.19,38574.46,40151.54,32699.4,11,0,516,8,16,34,0,-1,1,627.51,0.0,0.0,0.0,0.0,0.0,0.0,13642.07,19057.33,1,15000.0,1.45,70
0,0,0,0,0,1,0,0,0,0,0,0,0,0,0,0,0,5160.51,6290.54,6397.31,5949.45,15,1,603,6,7,26,0,-1,2,88.6,58.05,0.0,0.0,0.0,0.0,0.0,3188.17,2761.28,1,2000.0,1.45,60
0,0,0,0,0,1,0,0,0,0,0,0,0,0,0,0,0,5094.2,5471.41,3406.48,4657.36,18,1,725,18,24,15,0,-1,0,0.0,0.0,0.0,0.0,0.0,0.0,0.0,0.0,4657.36,1,3000.0,1.45,75
1,0,0,0,0,0,0,0,0,0,0,0,0,0,0,0,0,1563.02,2920.42,9880.8,4788.08,6,12,581,18,1,29,0,-1,0,0.0,0.0,0.0,0.0,0.0,0.0,0.0,0.0,4788.08,0,0.0,0.0,0
0,0,0,0,0,1,0,0,0,0,0,0,0,0,0,0,0,0.0,0.0,20438.33,6812.78,15,5,511,24,21,31,0,-1,4,107.23,67.29,56.61,41.21,0.0,0.0,0.0,5920.67,892.1,0,0.0,0.0,0
0,0,0,0,0,0,0,0,1,0,0,0,0,0,0,0,0,8922.49,10008.0,3423.86,7451.45,7,2,451,16,8,39,0,-1,2,125.05,75.21,0.0,0.0,0.0,0.0,0.0,4353.65,3097.8,1,2000.0,1.45,60
0,0,1,0,0,0,0,0,0,0,0,0,0,0,0,0,0,7594.92,5790.07,6957.75,6780.91,10,0,655,7,12,11,0,-1,2,118.95,66.92,0.0,0.0,0.0,0.0,0.0,4040.81,2740.1,0,0.0,0.0,0
0,0,0,0,0,0,0,0,0,0,1,0,0,0,0,0,0,41813.1,0.0,64385.7,35399.6,8,0,462,12,16,11,1,0,0,0.0,0.0,0.0,0.0,0.0,0.0,0.0,0.0,35399.6,0,0.0,0.0,0
0,0,0,0,0,0,0,0,0,0,0,0,0,0,1,0,0,18591.99,35959.86,31865.96,28805.94,17,0,551,9,24,22,0,-1,1,235.08,0.0,0.0,0.0,0.0,0.0,0.0,5110.64,23695.3,1,8000.0,1.45,70
0,0,0,1,0,0,0,0,0,0,0,0,0,0,0,0,0,1331.83,1110.59,1088.12,1176.85,11,0,457,34,23,18,1,1,0,0.0,0.0,0.0,0.0,0.0,0.0,0.0,0.0,1176.85,0,0.0,0.0,0
0,0,0,1,0,0,0,0,0,0,0,0,0,0,0,0,0,1807.05,3142.0,1548.82,2165.96,12,7,465,33,15,28,0,-1,0,0.0,0.0,0.0,0.0,0.0,0.0,0.0,0.0,2165.96,0,0.0,0.0,0
0,0,0,0,0,1,0,0,0,0,0,0,0,0,0,0,0,46080.74,26821.44,43158.38,38686.85,17,10,524,12,25,32,1,0,0,0.0,0.0,0.0,0.0,0.0,0.0,0.0,0.0,38686.85,0,0.0,0.0,0
0,0,0,0,0,0,0,0,0,0,0,0,0,1,0,0,0,11486.36,8689.45,10308.28,10161.36,17,3,541,32,30,24,1,0,0,0.0,0.0,0.0,0.0,0.0,0.0,0.0,0.0,10161.36,0,0.0,0.0,0
0,0,0,0,0,0,0,0,0,0,0,0,0,0,0,0,0,28585.73,26975.42,7190.88,20917.34,9,3,661,31,28,49,0,-1,7,241.45,249.53,96.67,111.87,93.91,110.56,65.38,21074.1,0.0,0,0.0,0.0,0
0,0,0,0,0,0,0,0,0,0,0,0,0,0,0,0,0,12682.81,12581.88,6770.46,10678.39,7,6,584,10,13,16,0,-1,0,0.0,0.0,0.0,0.0,0.0,0.0,0.0,0.0,10678.39,1,8000.0,1.45,100
0,0,0,0,0,0,0,0,0,0,0,0,0,0,0,0,0,32706.51,22440.96,37863.27,31003.58,7,0,530,26,2,44,1,0,1,645.88,0.0,0.0,0.0,0.0,0.0,0.0,14041.43,16962.15,0,0.0,0.0,0
0,0,0,0,0,0,0,0,0,0,0,1,0,0,0,0,0,29702.65,11186.4,30915.12,23934.72,15,0,455,2,4,29,1,0,0,0.0,0.0,0.0,0.0,0.0,0.0,0.0,0.0,23934.72,0,0.0,0.0,0
0,0,0,0,0,0,0,0,0,0,0,0,0,0,0,1,0,3836.35,4964.59,6894.35,5231.76,7,7,311,7,13,46,1,0,1,104.07,0.0,0.0,0.0,0.0,0.0,0.0,2262.48,2969.28,0,0.0,0.0,0
0,0,0,0,0,0,0,0,0,0,0,0,0,0,1,0,0,38877.76,19980.08,59208.87,39355.57,15,6,416,23,17,41,1,0,0,0.0,0.0,0.0,0.0,0.0,0.0,0.0,0.0,39355.57,0,0.0,0.0,0
0,0,0,0,0,0,0,0,0,0,0,1,0,0,0,0,0,6738.62,1885.24,1913.94,3512.6,15,0,552,25,33,24,1,0,0,0.0,0.0,0.0,0.0,0.0,0.0,0.0,0.0,3512.6,0,0.0,0.0,0
0,1,0,0,0,0,0,0,0,0,0,0,0,0,0,0,0,7650.57,10953.78,0.0,6201.45,5,0,695,32,20,31,1,1,2,68.97,25.91,0.0,0.0,0.0,0.0,0.0,2062.69,4138.76,0,0.0,0.0,0
0,0,0,1,0,0,0,0,0,0,0,0,0,0,0,0,0,12219.21,28859.62,25903.26,22327.36,14,0,457,32,12,36,0,-1,5,395.35,153.16,135.26,92.6,130.94,0.0,0.0,19724.92,2602.44,1,4000.0,1.45,85
0,0,1,0,0,0,0,0,0,0,0,0,0,0,0,0,0,0.0,0.0,0.0,0.0,10,0,485,15,0,37,1,1,1,0.0,0.0,0.0,0.0,0.0,0.0,0.0,0.0,0.0,0,0.0,0.0,0
0,0,0,0,1,0,0,0,0,0,0,0,0,0,0,0,0,34787.05,15173.6,12108.68,20689.78,16,16,486,33,25,34,1,2,1,367.79,0.0,0.0,0.0,0.0,0.0,0.0,7995.75,12694.02,0,0.0,0.0,0
0,0,0,0,1,0,0,0,0,0,0,0,0,0,0,0,0,3907.41,57283.73,38656.53,33282.56,13,5,560,30,28,44,0,-1,3,601.51,321.13,223.28,0.0,0.0,0.0,0.0,24912.3,8370.26,0,0.0,0.0,0
0,0,0,0,0,0,0,0,0,0,0,0,0,0,0,0,0,23267.44,27346.44,19939.88,23517.92,7,0,626,16,23,23,1,0,0,0.0,0.0,0.0,0.0,0.0,0.0,0.0,0.0,23517.92,0,0.0,0.0,0
0,0,0,0,0,0,0,0,0,0,0,1,0,0,0,0,0,44901.88,43378.58,9901.95,32727.47,8,13,570,19,25,47,0,-1,3,616.65,246.24,245.74,0.0,0.0,0.0,0.0,24101.62,8625.86,1,6000.0,1.45,70
0,0,0,0,0,0,0,0,1,0,0,0,0,0,0,0,0,16304.71,15344.71,16844.89,16164.77,7,2,478,29,29,47,1,2,1,229.6,0.0,0.0,0.0,0.0,0.0,0.0,4991.5,11173.26,1,3000.0,1.45,60
0,0,0,0,0,0,0,0,0,0,0,0,0,1,0,0,0,31491.58,15463.29,21996.59,22983.82,18,2,605,18,24,23,1,1,0,0.0,0.0,0.0,0.0,0.0,0.0,0.0,0.0,22983.82,0,0.0,0.0,0
0,0,0,0,0,0,0,1,0,0,0,0,0,0,0,0,0,0.0,3395.32,8560.21,3985.18,19,5,575,3,9,26,1,3,0,0.0,0.0,0.0,0.0,0.0,0.0,0.0,0.0,3985.18,0,0.0,0.0,0
0,0,0,0,0,0,0,0,1,0,0,0,0,0,0,0,0,5751.64,5509.64,7691.36,6317.55,6,0,570,12,5,14,1,0,0,0.0,0.0,0.0,0.0,0.0,0.0,0.0,0.0,6317.55,0,0.0,0.0,0
0,0,0,0,0,0,0,0,0,1,0,0,0,0,0,0,0,8005.25,7776.98,7854.75,7879.0,16,4,483,24,24,24,1,0,0,0.0,0.0,0.0,0.0,0.0,0.0,0.0,0.0,7879.0,0,0.0,0.0,0
0,0,0,0,0,0,0,1,0,0,0,0,0,0,0,0,0,12035.72,6242.91,19320.73,12533.12,20,0,491,25,29,47,1,0,0,0.0,0.0,0.0,0.0,0.0,0.0,0.0,0.0,12533.12,0,0.0,0.0,0
0,0,0,0,0,1,0,0,0,0,0,0,0,0,0,0,0,49778.05,26134.65,17399.32,31104.01,16,4,433,22,0,26,1,1,0,0.0,0.0,0.0,0.0,0.0,0.0,0.0,0.0,31104.01,0,0.0,0.0,0
0,0,0,0,0,0,0,0,0,0,1,0,0,0,0,0,0,6021.27,6722.16,5722.27,6155.23,6,3,536,5,7,38,0,-1,5,102.63,54.55,38.91,36.41,17.77,0.0,0.0,5440.87,714.36,0,0.0,0.0,0
0,0,0,0,0,0,0,0,0,0,0,0,1,0,0,0,0,37067.9,27928.64,29120.6,31372.38,8,1,645,25,1,36,1,1,0,0.0,0.0,0.0,0.0,0.0,0.0,0.0,0.0,31372.38,0,0.0,0.0,0
0,0,0,0,0,0,0,0,0,0,1,0,0,0,0,0,0,19200.51,2019.02,7845.9,9688.48,5,0,694,29,21,24,0,-1,3,203.19,131.56,51.8,0.0,0.0,0.0,0.0,8403.6,1284.88,1,2000.0,1.45,60
0,0,0,0,0,0,0,0,0,1,0,0,0,0,0,0,0,12143.47,29161.75,44385.36,28563.52,10,0,536,27,7,40,1,1,0,0.0,0.0,0.0,0.0,0.0,0.0,0.0,0.0,28563.52,0,0.0,0.0,0
0,0,0,0,0,0,0,0,0,1,0,0,0,0,0,0,0,15786.0,11260.24,10084.17,12376.81,11,9,352,11,5,37,0,-1,1,244.38,0.0,0.0,0.0,0.0,0.0,0.0,5312.82,7063.98,1,6000.0,1.45,70
0,0,0,0,0,0,0,0,0,0,0,1,0,0,0,0,0,16269.09,14208.91,7235.13,12571.04,10,0,554,28,8,19,1,1,1,173.99,0.0,0.0,0.0,0.0,0.0,0.0,3782.54,8788.5,1,3000.0,1.45,60
0,0,0,0,0,0,0,0,0,1,0,0,0,0,0,0,0,10940.79,10343.38,25470.66,15584.95,11,2,633,21,13,21,0,-1,3,173.01,158.23,98.83,0.0,0.0,0.0,0.0,9349.72,6235.22,1,4000.0,1.45,70
0,0,0,0,0,0,0,0,0,0,0,0,0,0,0,0,0,25241.01,24915.96,22515.43,24224.13,9,0,667,2,30,33,0,-1,2,300.77,272.81,0.0,0.0,0.0,0.0,0.0,12469.63,11754.5,1,6000.0,1.45,70
0,0,0,0,1,0,0,0,0,0,0,0,0,0,0,0,0,352.25,3385.24,28828.53,10855.34,11,0,363,27,6,11,1,0,1,165.33,0.0,0.0,0.0,0.0,0.0,0.0,3594.27,7261.06,0,0.0,0.0,0
0,0,0,0,0,0,0,0,0,1,0,0,0,0,0,0,0,18466.08,22208.02,0.0,13558.03,15,9,498,3,23,32,0,-1,2,147.84,100.91,0.0,0.0,0.0,0.0,0.0,5407.82,8150.21,1,4000.0,1.45,60
0,0,0,0,0,0,0,0,1,0,0,0,0,0,0,0,0,43732.77,7709.59,55424.99,35622.45,6,10,655,21,30,33,1,0,1,666.82,0.0,0.0,0.0,0.0,0.0,0.0,14496.67,21125.78,0,0.0,0.0,0
0,0,0,0,0,0,0,1,0,0,0,0,0,0,0,0,0,24520.47,21852.52,18816.5,21729.83,20,8,586,21,4,25,0,-1,2,419.65,165.65,0.0,0.0,0.0,0.0,0.0,12724.42,9005.41,1,11000.0,1.45,110
0,0,0,0,0,0,1,0,0,0,0,0,0,0,0,0,0,43758.76,28546.37,26966.59,33090.57,18,0,609,7,10,20,1,1,0,0.0,0.0,0.0,0.0,0.0,0.0,0.0,0.0,33090.57,0,0.0,0.0,0
0,1,0,0,0,0,0,0,0,0,0,0,0,0,0,0,0,31392.05,27692.4,56629.15,38571.2,4,0,571,11,28,24,1,0,0,0.0,0.0,0.0,0.0,0.0,0.0,0.0,0.0,38571.2,0,0.0,0.0,0
0,1,0,0,0,0,0,0,0,0,0,0,0,0,0,0,0,7372.24,6902.44,9524.45,7933.04,4,0,684,10,17,46,1,0,0,0.0,0.0,0.0,0.0,0.0,0.0,0.0,0.0,7933.04,0,0.0,0.0,0
0,0,0,0,1,0,0,0,0,0,0,0,0,0,0,0,0,63815.51,18920.11,33851.34,38862.32,12,0,497,27,19,25,1,0,0,0.0,0.0,0.0,0.0,0.0,0.0,0.0,0.0,38862.32,0,0.0,0.0,0
0,0,1,0,0,0,0,0,0,0,0,0,0,0,0,0,0,14094.27,16455.33,4608.27,11719.29,11,0,526,2,21,22,0,-1,5,217.91,121.55,67.83,76.06,44.2,0.0,0.0,11468.94,250.36,0,0.0,0.0,0
0,0,0,0,0,0,0,0,0,0,0,0,0,1,0,0,0,34601.83,38104.23,17538.02,30081.36,16,2,562,9,15,27,0,-1,3,537.39,282.63,176.93,0.0,0.0,0.0,0.0,21673.69,8407.67,1,8000.0,1.45,70
0,0,0,0,0,0,1,0,0,0,0,0,0,0,0,0,0,9297.05,30355.1,36976.91,25543.02,18,14,527,34,21,32,0,-1,2,503.82,193.59,0.0,0.0,0.0,0.0,0.0,15161.69,10381.32,1,3000.0,1.45,60
0,0,1,0,0,0,0,0,0,0,0,0,0,0,0,0,0,10246.66,7953.12,23156.22,13785.34,8,0,579,18,31,49,1,0,0,0.0,0.0,0.0,0.0,0.0,0.0,0.0,0.0,13785.34,0,0.0,0.0,0
0,0,0,0,0,0,0,0,0,0,1,0,0,0,0,0,0,27385.63,19349.89,19409.58,22048.37,7,0,525,28,11,43,0,-1,3,373.87,130.77,162.73,0.0,0.0,0.0,0.0,14508.62,7539.74,1,3500.0,1.45,70
0,0,0,0,0,1,0,0,0,0,0,0,0,0,0,0,0,43721.68,38374.04,31935.45,38010.39,20,4,606,19,15,14,0,-1,6,653.13,359.55,181.76,218.15,164.84,126.89,0.0,37051.92,958.47,0,0.0,0.0,0
0,0,0,0,0,0,0,0,0,0,0,1,0,0,0,0,0,27420.26,25053.37,5365.39,19279.67,9,0,488,0,26,38,1,2,0,0.0,0.0,0.0,0.0,0.0,0.0,0.0,0.0,19279.67,0,0.0,0.0,0
0,0,1,0,0,0,0,0,0,0,0,0,0,0,0,0,0,8790.94,26455.45,21921.56,19055.98,7,3,601,31,21,26,1,1,2,297.59,143.88,0.0,0.0,0.0,0.0,0.0,9597.56,9458.43,0,0.0,0.0,0
0,0,1,0,0,0,0,0,0,0,0,0,0,0,0,0,0,25805.84,20737.32,14794.19,20445.78,8,3,414,22,12,45,1,1,0,0.0,0.0,0.0,0.0,0.0,0.0,0.0,0.0,20445.78,0,0.0,0.0,0
0,1,0,0,0,0,0,0,0,0,0,0,0,0,0,0,0,2916.39,1509.49,2982.79,2469.56,6,0,509,4,24,42,0,-1,0,0.0,0.0,0.0,0.0,0.0,0.0,0.0,0.0,2469.56,0,0.0,0.0,0
0,0,0,0,0,0,0,0,1,0,0,0,0,0,0,0,0,18365.81,29273.76,18092.23,21910.6,6,0,518,13,22,41,0,-1,1,407.49,0.0,0.0,0.0,0.0,0.0,0.0,8858.83,13051.77,1,11000.0,1.45,75
0,0,0,1,0,0,0,0,0,0,0,0,0,0,0,0,0,18718.43,18569.69,19526.06,18938.06,13,16,654,9,1,26,1,1,0,0.0,0.0,0.0,0.0,0.0,0.0,0.0,0.0,18938.06,0,0.0,0.0,0
0,0,0,0,0,0,0,0,0,0,0,0,0,0,0,0,1,21047.35,23449.52,14589.03,19695.3,3,0,480,12,17,28,0,-1,1,393.99,0.0,0.0,0.0,0.0,0.0,0.0,8565.34,11129.96,1,6000.0,1.45,70
0,0,0,0,0,0,0,0,1,0,0,0,0,0,0,0,0,35133.6,44645.74,20755.48,33511.61,6,1,617,26,6,40,0,-1,3,458.89,313.9,216.65,0.0,0.0,0.0,0.0,21510.43,12001.18,1,10500.0,1.45,85
0,0,0,0,0,0,0,0,0,0,0,0,0,0,0,0,1,2029.02,7793.96,5471.04,5098.01,5,2,698,13,12,30,0,-1,1,77.36,0.0,0.0,0.0,0.0,0.0,0.0,1681.81,3416.2,0,0.0,0.0,0
0,1,0,0,0,0,0,0,0,0,0,0,0,0,0,0,0,20030.06,17016.28,17471.16,18172.5,2,1,454,25,30,42,0,-1,2,288.28,189.31,0.0,0.0,0.0,0.0,0.0,10382.81,7789.69,1,4000.0,1.45,60
0,0,0,0,0,0,0,0,0,0,0,0,0,1,0,0,0,34083.54,26832.29,39311.19,33409.0,18,0,487,19,3,20,1,4,2,522.28,230.38,0.0,0.0,0.0,0.0,0.0,16362.83,17046.18,1,9000.0,1.45,70
0,0,0,1,0,0,0,0,0,0,0,0,0,0,0,0,0,23542.35,27726.06,3293.87,18187.43,13,6,658,8,28,33,0,-1,0,0.0,0.0,0.0,0.0,0.0,0.0,0.0,0.0,18187.43,1,5000.0,1.45,70
0,0,0,0,0,0,0,1,0,0,0,0,0,0,0,0,0,16892.1,24885.76,25341.48,22373.11,20,0,331,6,20,13,1,2,2,314.92,233.87,0.0,0.0,0.0,0.0,0.0,11930.69,10442.42,1,5000.0,1.45,60
0,0,0,0,1,0,0,0,0,0,0,0,0,0,0,0,0,41771.05,38916.68,36036.46,38908.06,11,11,706,3,1,35,1,1,0,0.0,0.0,0.0,0.0,0.0,0.0,0.0,0.0,38908.06,0,0.0,0.0,0
0,0,0,0,0,0,0,0,0,0,0,0,0,0,0,0,1,24278.93,27470.17,31800.77,27849.96,3,0,512,33,10,21,1,1,0,0.0,0.0,0.0,0.0,0.0,0.0,0.0,0.0,27849.96,0,0.0,0.0,0
0,0,0,0,0,0,0,1,0,0,0,0,0,0,0,0,0,7065.3,11486.72,16798.21,11783.41,19,0,482,24,15,34,0,-1,1,203.89,0.0,0.0,0.0,0.0,0.0,0.0,4432.57,7350.84,1,4000.0,1.45,60
0,0,0,0,0,0,0,0,0,0,0,0,0,1,0,0,0,7125.78,6884.36,2886.7,5632.28,18,22,326,27,16,23,1,1,0,0.0,0.0,0.0,0.0,0.0,0.0,0.0,0.0,5632.28,0,0.0,0.0,0
1,0,0,0,0,0,0,0,0,0,0,0,0,0,0,0,0,0.0,60898.81,36892.25,32597.02,6,0,470,29,28,39,1,1,1,528.27,0.0,0.0,0.0,0.0,0.0,0.0,11484.59,21112.43,0,0.0,0.0,0
1,0,0,0,0,0,0,0,0,0,0,0,0,0,0,0,0,1127.39,1118.17,569.28,938.28,5,2,647,28,3,28,1,0,0,0.0,0.0,0.0,0.0,0.0,0.0,0.0,0.0,938.28,0,0.0,0.0,0
0,0,0,0,0,0,0,0,0,0,0,0,0,0,1,0,0,5125.78,5174.14,1557.86,3952.59,16,2,485,2,31,20,1,0,2,56.07,41.89,0.0,0.0,0.0,0.0,0.0,2129.65,1822.94,0,0.0,0.0,0
0,0,0,1,0,0,0,0,0,0,0,0,0,0,0,0,0,44939.85,30889.98,38957.33,38262.39,11,0,478,23,33,57,1,0,0,0.0,0.0,0.0,0.0,0.0,0.0,0.0,0.0,38262.39,0,0.0,0.0,0
0,0,0,0,0,0,0,0,1,0,0,0,0,0,0,0,0,9888.54,11301.57,10551.7,10580.6,7,0,584,23,27,48,0,-1,3,177.47,101.18,93.1,0.0,0.0,0.0,0.0,8081.84,2498.76,1,2000.0,1.45,60
0,0,0,0,0,0,0,0,0,0,0,0,0,1,0,0,0,16965.77,29981.48,30560.18,25835.81,18,0,526,30,19,40,0,-1,3,419.39,237.57,177.29,0.0,0.0,0.0,0.0,18136.59,7699.22,1,6000.0,1.45,70
0,0,0,0,0,0,0,1,0,0,0,0,0,0,0,0,0,38667.01,22808.0,36319.47,32598.16,20,2,646,0,18,30,0,-1,0,0.0,0.0,0.0,0.0,0.0,0.0,0.0,0.0,32598.16,1,5000.0,1.45,60
0,0,0,0,0,0,0,0,0,0,0,0,0,0,0,0,1,19690.39,769.51,32205.65,17555.18,3,2,500,17,23,35,1,1,0,0.0,0.0,0.0,0.0,0.0,0.0,0.0,0.0,17555.18,0,0.0,0.0,0
1,0,0,0,0,0,0,0,0,0,0,0,0,0,0,0,0,17104.11,17384.81,15066.43,16518.45,7,3,527,2,33,28,0,-1,5,265.81,201.92,133.32,112.49,110.14,0.0,0.0,17906.8,0.0,0,0.0,0.0,0
0,0,0,0,0,0,0,0,0,0,0,0,0,0,0,0,1,20244.81,10243.4,23113.8,17867.33,5,0,474,31,27,38,1,1,0,0.0,0.0,0.0,0.0,0.0,0.0,0.0,0.0,17867.33,0,0.0,0.0,0
0,0,0,0,0,0,0,0,0,0,0,0,0,0,0,1,0,2423.22,0.0,4192.07,2205.1,8,2,535,1,27,37,0,-1,0,0.0,0.0,0.0,0.0,0.0,0.0,0.0,0.0,2205.1,0,0.0,0.0,0
0,0,0,0,0,0,0,0,0,0,0,0,0,1,0,0,0,6425.24,8038.5,4775.72,6413.15,16,0,626,29,18,26,1,0,1,96.06,0.0,0.0,0.0,0.0,0.0,0.0,2088.34,4324.81,0,0.0,0.0,0
0,1,0,0,0,0,0,0,0,0,0,0,0,0,0,0,0,41002.61,38912.53,65666.81,48527.32,7,4,535,12,20,25,0,-1,0,0.0,0.0,0.0,0.0,0.0,0.0,0.0,0.0,48527.32,1,15000.0,1.45,100
0,0,0,0,0,0,0,0,0,0,1,0,0,0,0,0,0,22135.82,32761.14,17143.74,24013.56,6,0,607,4,25,10,0,-1,5,484.76,238.89,170.93,93.12,72.44,0.0,0.0,23047.44,966.12,0,0.0,0.0,0
0,0,0,0,0,0,0,0,0,0,0,1,0,0,0,0,0,9300.57,4891.78,6577.93,6923.42,12,0,683,28,18,19,1,3,0,0.0,0.0,0.0,0.0,0.0,0.0,0.0,0.0,6923.42,0,0.0,0.0,0
0,0,0,0,0,0,0,0,0,0,0,1,0,0,0,0,0,67236.61,75317.09,58021.8,66858.5,11,3,602,19,2,43,0,-1,4,1098.96,584.34,491.43,452.35,0.0,0.0,0.0,57112.72,9745.78,1,12000.0,1.46,70
0,0,0,0,0,0,0,0,0,0,0,1,0,0,0,0,0,31612.01,20531.82,27300.11,26481.31,13,13,434,8,17,35,0,-1,1,445.12,0.0,0.0,0.0,0.0,0.0,0.0,9676.91,16804.4,1,4500.0,1.45,60
0,0,0,0,0,0,0,0,0,0,0,0,0,0,0,1,0,29065.18,24441.95,25652.64,26386.59,7,0,615,34,23,20,1,2,0,0.0,0.0,0.0,0.0,0.0,0.0,0.0,0.0,26386.59,1,2000.0,1.45,50
0,0,0,0,0,0,0,0,0,0,0,0,0,0,0,0,0,35785.22,22393.76,24815.47,27664.82,11,0,747,30,19,10,0,-1,2,476.68,225.33,0.0,0.0,0.0,0.0,0.0,15261.7,12403.12,1,15000.0,1.45,120
1,0,0,0,0,0,0,0,0,0,0,0,0,0,0,0,0,7920.29,8193.92,4467.53,6860.58,6,4,650,9,2,18,0,-1,3,142.5,62.49,45.4,0.0,0.0,0.0,0.0,5443.48,1417.1,0,0.0,0.0,0
0,1,0,0,0,0,0,0,0,0,0,0,0,0,0,0,0,3998.44,2231.2,3513.76,3247.8,4,4,561,18,8,42,1,4,1,59.77,0.0,0.0,0.0,0.0,0.0,0.0,1299.4,1948.4,0,0.0,0.0,0
1,0,0,0,0,0,0,0,0,0,0,0,0,0,0,0,0,38211.95,55253.14,42473.62,45312.9,4,3,564,32,33,29,0,-1,5,565.24,415.17,364.63,291.38,166.35,0.0,0.0,39192.22,6120.68,1,5000.0,1.45,60
0,0,1,0,0,0,0,0,0,0,0,0,0,0,0,0,0,1412.33,2236.83,3519.53,2389.56,9,4,501,27,29,36,1,3,0,0.0,0.0,0.0,0.0,0.0,0.0,0.0,0.0,2389.56,0,0.0,0.0,0
0,0,0,1,0,0,0,0,0,0,0,0,0,0,0,0,0,11798.36,0.0,23084.66,11627.67,12,5,526,9,29,36,1,0,2,163.98,73.25,0.0,0.0,0.0,0.0,0.0,5157.38,6470.29,0,0.0,0.0,0
0,0,0,0,0,0,0,0,1,0,0,0,0,0,0,0,0,12467.66,17911.84,16286.46,15555.32,7,5,549,9,3,40,1,0,1,256.81,0.0,0.0,0.0,0.0,0.0,0.0,5583.05,9972.27,1,3000.0,1.45,60
0,0,0,0,0,0,0,0,0,0,0,0,0,0,0,0,0,36651.99,57190.34,51935.87,48592.73,7,0,473,6,16,20,1,0,0,0.0,0.0,0.0,0.0,0.0,0.0,0.0,0.0,48592.73,0,0.0,0.0,0
0,0,0,0,0,0,0,0,1,0,0,0,0,0,0,0,0,37715.44,36673.63,38841.85,37743.64,7,2,637,22,28,19,1,0,0,0.0,0.0,0.0,0.0,0.0,0.0,0.0,0.0,37743.64,0,0.0,0.0,0
0,0,0,0,0,1,0,0,0,0,0,0,0,0,0,0,0,6216.37,11024.06,16293.55,11177.99,18,8,481,10,8,20,0,-1,3,164.73,143.35,69.93,0.0,0.0,0.0,0.0,8217.94,2960.06,1,2000.0,1.45,60
0,0,0,0,0,0,0,1,0,0,0,0,0,0,0,0,0,11847.33,14149.69,17379.35,14458.79,18,6,515,16,22,52,0,-1,2,206.34,111.78,0.0,0.0,0.0,0.0,0.0,6915.93,7542.86,1,4000.0,1.45,65
0,0,0,0,0,0,0,0,0,0,0,0,0,0,0,0,1,4930.57,16454.17,13866.11,11750.28,5,0,613,0,0,46,1,1,1,186.48,0.0,0.0,0.0,0.0,0.0,0.0,4054.08,7696.21,0,0.0,0.0,0
0,0,0,0,1,0,0,0,0,0,0,0,0,0,0,0,0,9162.84,11642.24,9008.14,9937.74,10,6,498,28,6,32,1,2,0,0.0,0.0,0.0,0.0,0.0,0.0,0.0,0.0,9937.74,0,0.0,0.0,0
0,0,0,0,0,0,0,0,0,0,0,1,0,0,0,0,0,16044.02,11641.0,11403.31,13029.44,17,5,492,15,21,38,1,1,1,197.42,0.0,0.0,0.0,0.0,0.0,0.0,4291.91,8737.53,1,3000.0,1.45,60
0,0,0,0,0,0,0,0,0,0,0,0,0,0,0,0,1,23975.65,14393.88,15934.15,18101.23,5,0,752,4,24,35,0,-1,4,247.37,160.77,101.8,107.03,0.0,0.0,0.0,13412.93,4688.3,0,0.0,0.0,0
0,0,0,0,0,1,0,0,0,0,0,0,0,0,0,0,0,9001.7,59532.41,27820.58,32118.23,19,0,554,16,15,28,0,-1,4,323.94,251.32,273.45,221.08,0.0,0.0,0.0,23257.23,8860.99,0,0.0,0.0,0
0,0,0,0,0,0,0,0,1,0,0,0,0,0,0,0,0,16411.69,32620.72,39887.52,29639.98,6,6,643,30,22,29,1,0,0,0.0,0.0,0.0,0.0,0.0,0.0,0.0,0.0,29639.98,0,0.0,0.0,0
0,0,0,0,0,0,0,0,0,0,0,0,0,0,0,0,1,37912.75,40336.88,30370.07,36206.56,5,0,516,20,13,49,0,-1,3,444.19,254.42,201.66,0.0,0.0,0.0,0.0,19571.87,16634.69,1,7000.0,1.45,70
0,0,0,0,0,0,0,0,0,0,0,0,1,0,0,0,0,42638.57,28709.49,48053.57,39800.54,5,0,691,34,8,22,0,-1,3,655.9,428.25,246.55,0.0,0.0,0.0,0.0,28929.42,10871.12,1,11000.0,1.45,75
0,0,0,0,1,0,0,0,0,0,0,0,0,0,0,0,0,19938.95,34762.58,30514.15,28405.23,17,5,514,16,28,17,1,0,0,0.0,0.0,0.0,0.0,0.0,0.0,0.0,0.0,28405.23,0,0.0,0.0,0
0,0,0,1,0,0,0,0,0,0,0,0,0,0,0,0,0,5358.55,3979.66,2531.07,3956.43,11,3,610,20,12,33,1,3,1,76.66,0.0,0.0,0.0,0.0,0.0,0.0,1666.59,2289.84,0,0.0,0.0,0
0,0,0,1,0,0,0,0,0,0,0,0,0,0,0,0,0,28908.67,24170.09,31362.94,28147.24,11,0,560,19,21,28,1,0,0,0.0,0.0,0.0,0.0,0.0,0.0,0.0,0.0,28147.24,0,0.0,0.0,0
1,0,0,0,0,0,0,0,0,0,0,0,0,0,0,0,0,29822.5,30756.6,36591.68,32390.26,6,0,547,2,31,25,0,-1,3,575.49,113.89,208.69,0.0,0.0,0.0,0.0,19524.04,12866.22,1,5000.0,1.45,70
0,0,0,1,0,0,0,0,0,0,0,0,0,0,0,0,0,7790.83,11733.27,17868.6,12464.24,11,0,615,33,24,37,0,-1,2,184.35,149.69,0.0,0.0,0.0,0.0,0.0,7262.03,5202.21,1,4200.0,1.45,70
0,0,0,0,0,0,0,0,0,0,0,0,0,1,0,0,0,5158.71,15969.85,20704.68,13944.41,16,6,723,32,25,35,0,-1,6,180.36,140.29,100.65,63.98,67.14,52.09,0.0,13142.05,802.37,0,0.0,0.0,0
0,1,0,0,0,0,0,0,0,0,0,0,0,0,0,0,0,10501.0,39338.36,23201.1,24346.82,8,0,382,25,26,23,0,-1,1,322.38,0.0,0.0,0.0,0.0,0.0,0.0,7008.54,17338.28,1,4500.0,1.45,65
0,0,0,0,1,0,0,0,0,0,0,0,0,0,0,0,0,23617.69,20506.51,31296.07,25140.09,11,0,608,9,26,20,0,-1,3,370.11,249.37,178.87,0.0,0.0,0.0,0.0,17356.13,7783.96,1,4200.0,1.45,60
0,0,0,0,0,0,0,0,0,0,0,0,0,1,0,0,0,20577.59,16003.31,1300.97,12627.29,18,0,489,24,22,17,0,-1,2,272.64,106.08,0.0,0.0,0.0,0.0,0.0,8233.37,4393.92,1,2000.0,1.45,60
0,0,0,1,0,0,0,0,0,0,0,0,0,0,0,0,0,9651.89,8843.06,8348.33,8947.76,14,0,538,28,24,34,1,2,0,0.0,0.0,0.0,0.0,0.0,0.0,0.0,0.0,8947.76,0,0.0,0.0,0
0,0,0,0,0,0,1,0,0,0,0,0,0,0,0,0,0,2417.23,1218.18,2410.6,2015.34,17,4,660,20,2,41,1,1,0,0.0,0.0,0.0,0.0,0.0,0.0,0.0,0.0,2015.34,0,0.0,0.0,0
0,0,0,0,0,0,0,0,1,0,0,0,0,0,0,0,0,32182.7,34614.05,29451.03,32082.59,8,0,511,23,27,16,0,-1,1,401.87,0.0,0.0,0.0,0.0,0.0,0.0,8736.65,23345.94,1,13000.0,1.45,70
0,0,0,0,0,0,0,0,0,0,0,0,0,0,0,0,1,3332.11,4015.24,3436.85,3594.73,4,12,549,27,20,41,1,0,1,73.1,0.0,0.0,0.0,0.0,0.0,0.0,1589.19,2005.54,0,0.0,0.0,0
0,0,0,0,0,0,0,1,0,0,0,0,0,0,0,0,0,19831.21,17348.4,15741.24,17640.28,20,0,772,14,34,34,0,-1,1,270.18,0.0,0.0,0.0,0.0,0.0,0.0,5873.71,11766.57,1,6000.0,1.45,70
0,0,0,0,0,0,0,0,0,0,1,0,0,0,0,0,0,0.0,6680.39,6228.0,4302.8,5,2,775,32,2,38,0,-1,2,94.14,37.04,0.0,0.0,0.0,0.0,0.0,2851.85,1450.94,0,0.0,0.0,0
0,0,0,0,0,1,0,0,0,0,0,0,0,0,0,0,0,13573.85,23435.56,15058.46,17355.96,19,0,453,3,30,31,0,-1,2,215.75,154.59,0.0,0.0,0.0,0.0,0.0,8051.19,9304.77,1,4200.0,1.45,65
0,1,0,0,0,0,0,0,0,0,0,0,0,0,0,0,0,0.0,6498.72,8853.38,5117.37,7,0,504,31,13,28,0,-1,2,76.56,42.39,0.0,0.0,0.0,0.0,0.0,2585.97,2531.39,0,0.0,0.0,0
0,0,0,0,0,0,0,0,1,0,0,0,0,0,0,0,0,2388.62,20692.98,29285.92,17455.84,7,9,432,9,28,35,1,2,0,0.0,0.0,0.0,0.0,0.0,0.0,0.0,0.0,17455.84,0,0.0,0.0,0
1,0,0,0,0,0,0,0,0,0,0,0,0,0,0,0,0,47228.96,20433.69,31740.31,33134.32,4,3,682,19,3,34,0,-1,4,542.39,266.73,284.4,185.69,0.0,0.0,0.0,27810.03,5324.29,0,0.0,0.0,0
0,0,0,0,0,0,0,0,0,0,0,1,0,0,0,0,0,4312.37,5805.43,4314.11,4810.64,10,10,471,11,32,32,1,2,0,0.0,0.0,0.0,0.0,0.0,0.0,0.0,0.0,4810.64,0,0.0,0.0,0
0,0,0,0,0,0,0,0,0,1,0,0,0,0,0,0,0,4765.11,2978.1,4137.08,3960.1,11,2,478,28,32,27,1,3,2,45.14,34.83,0.0,0.0,0.0,0.0,0.0,1738.55,2221.55,0,0.0,0.0,0
0,0,0,0,0,0,0,0,1,0,0,0,0,0,0,0,0,89774.14,84846.77,95702.29,90107.74,7,18,460,12,27,4,1,3,2,1393.12,976.43,0.0,0.0,0.0,0.0,0.0,51514.02,38593.72,1,22000.0,1.45,60
0,0,0,0,0,0,0,0,0,0,1,0,0,0,0,0,0,10761.53,17278.85,9934.84,12658.41,6,0,516,7,2,24,1,2,1,194.0,0.0,0.0,0.0,0.0,0.0,0.0,4217.56,8440.85,0,0.0,0.0,0
0,0,0,0,0,0,0,0,0,0,0,0,0,1,0,0,0,8293.93,11208.89,10797.34,10100.05,17,0,577,26,29,24,1,2,0,0.0,0.0,0.0,0.0,0.0,0.0,0.0,0.0,10100.05,0,0.0,0.0,0
0,0,0,1,0,0,0,0,0,0,0,0,0,0,0,0,0,43930.41,12491.29,0.0,18807.23,11,0,463,21,10,28,1,3,0,0.0,0.0,0.0,0.0,0.0,0.0,0.0,0.0,18807.23,0,0.0,0.0,0
0,0,0,0,1,0,0,0,0,0,0,0,0,0,0,0,0,22579.9,22980.15,34325.99,26628.68,10,0,639,30,34,20,0,-1,0,0.0,0.0,0.0,0.0,0.0,0.0,0.0,0.0,26628.68,1,9000.0,1.45,100
0,0,0,0,0,0,0,0,0,0,0,0,0,0,0,0,1,69687.0,56713.12,18752.16,48384.09,4,2,459,4,12,10,1,0,0,0.0,0.0,0.0,0.0,0.0,0.0,0.0,0.0,48384.09,0,0.0,0.0,0
